ID,Symbol,PubChem_CID,IUPAC_Condensed,Compound_Name,IUPAC_Name,Natural_Analog,Monomer_Type,Polymer_Type,R1,R2,R3,capped_SMILES,MAP_denotion,CXSMILES
1,A,5950,H-Ala-OH,Alanine,(2S)-2-aminopropanoic acid,A,Backbone,PEPTIDE,H,OH,-,CN[C@@H](C)C=O,A,C[C@H](N[*])C([*])=O |$;;;_R1;;_R2;$|
2,dA,71080,H-D-Ala-OH,D-alanine,(2R)-2-aminopropanoic acid,A,Backbone,PEPTIDE,H,OH,-,CN[C@H](C)C=O,A{d},C[C@@H](N[*])C([*])=O |$;;;_R1;;_R2;$|
3,meA,5288725,Me-Ala-OH,N-methyl-L-alanine,(2S)-2-(methylamino)propanoic acid,A,Backbone,PEPTIDE,H,OH,-,C[C@@H](C=O)N(C)C,A{nnm:N-methyl},C[C@H](N(C)[*])C([*])=O |$;;;;_R1;;_R2;$|
4,Me_dA,92973,Me-D-Ala-OH,N-methyl-D-alanine,(2R)-2-(methylamino)propanoic acid,A,Backbone,PEPTIDE,H,OH,-,C[C@H](C=O)N(C)C,A{d}{nnm:N-methyl},C[C@@H](N(C)[*])C([*])=O |$;;;;_R1;;_R2;$|
5,Ala(tBu),194032,H-Ala(tBu)-OH,3-tert-butyl-L-alanine,"(2S)-2-amino-4,4-dimethylpentanoic acid",A,Backbone,PEPTIDE,H,OH,-,CN[C@H](C=O)CC(C)(C)C,A{nnm:3-tert-butyl},CC(C)(C)C[C@H](N[*])C([*])=O |$;;;;;;;_R1;;_R2;$|
6,Ala(indol-2-yl),10262329,H-Ala(indol-2-yl)-OH,3-indol-2-yl-L-alanine,(2S)-2-amino-3-(1H-indol-2-yl)propanoic acid,A,Backbone,PEPTIDE,H,OH,-,CN[C@H](C=O)Cc1cc2ccccc2[nH]1,A{nnm:3-Indol-2-yl},[*]N[C@@H](Cc1cc2ccccc2[nH]1)C([*])=O |$_R1;;;;;;;;;;;;;;_R2;$|
7,dAla(indol-2-yl),66766908,H-D-Ala(indol-2-yl)-OH,3-indol-2-yl-D-alanine,(2R)-2-amino-3-(1H-indol-2-yl)propanoic acid,A,Backbone,PEPTIDE,H,OH,-,CN[C@@H](C=O)Cc1cc2ccccc2[nH]1,A{d}{nnm:3-Indol-2-yl},[*]N[C@H](Cc1cc2ccccc2[nH]1)C([*])=O |$_R1;;;;;;;;;;;;;;_R2;$|
8,Me_Ala(indol-2-yl),155188315,Me-Ala(indol-2-yl)-OH,N-methyl-3-indol-2-yl-L-alanine,(2S)-3-(1H-indol-2-yl)-2-(methylamino)propanoic acid,A,Backbone,PEPTIDE,H,OH,-,CN(C)[C@H](C=O)Cc1cc2ccccc2[nH]1,{nnr:Me-Ala(indol-2-yl)},CN([*])[C@@H](Cc1cc2ccccc2[nH]1)C([*])=O |$;;_R1;;;;;;;;;;;;;_R2;$|
9,Ala(5-Tet),3246533,H-Ala(tetrazol-5-yl)-OH,3-tetrazol-5-yl-L-alanine,(2S)-2-amino-3-(2H-tetrazol-5-yl)propanoic acid,A,Backbone,PEPTIDE,H,OH,-,CN[C@H](C=O)Cc1nnn[nH]1,A{nnm:3-tetrazol-5-yl},[*]N[C@@H](Cc1nnn[nH]1)C([*])=O |$_R1;;;;;;;;;;_R2;$|
10,Abu,80283,H-Abu-OH,2-aminobutanoic acid,(2S)-2-aminobutyric acid,X,Backbone,PEPTIDE,H,OH,-,CC[C@@H](C=O)NC,{nnr:Abu},CC[C@H](N[*])C([*])=O |$;;;;_R1;;_R2;$|
11,dAbu,439691,H-D-Abu-OH,D-2-aminobutyric acid,(2R)-2-aminobutanoic acid,X,Backbone,PEPTIDE,H,OH,-,CC[C@H](C=O)NC,{nnr:dAbu},CC[C@@H](N[*])C([*])=O |$;;;;_R1;;_R2;$|
12,Me_Abu,12571757,Me-Abu-OH,N-methyl-L-2-aminobutyric acid,(2S)-2-(methylamino)butanoic acid,X,Backbone,PEPTIDE,H,OH,-,CC[C@@H](C=O)N(C)C,{nnr:Me-Abu},CC[C@H](N(C)[*])C([*])=O |$;;;;;_R1;;_R2;$|
13,Me_dAbu,12571756,Me-D-Abu-OH,N-methyl-D-2-aminobutyric acid,(2R)-2-(methylamino)butanoic acid,X,Backbone,PEPTIDE,H,OH,-,CC[C@H](C=O)N(C)C,{nnr:Me-dAbu},CC[C@H](C([*])=O)N(C)[*] |$;;;;_R2;;;;_R1$|
14,Me_Abu(morpholino),146562373,Me-Abu(morpholino)-OH,N-methyl-L-4-morpholino-2-aminobutyric acid,(2S)-2-(methylamino)-4-morpholin-4-ylbutanoic acid,X,Backbone,PEPTIDE,H,OH,-,CN(C)[C@H](C=O)CCN1CCOCC1,{nnr:Me-Abu(morpholino)},CN([*])[C@@H](CCN1CCOCC1)C([*])=O |$;;_R1;;;;;;;;;;;_R2;$|
15,2Abz,227,H-2Abz-OH,Anthranilic acid,2-aminobenzoic acid,X,Backbone,PEPTIDE,H,OH,-,CNc1ccccc1C=O,{nnr:BE2},[*]Nc1ccccc1C([*])=O |$_R1;;;;;;;;;_R2;$|
16,Aib,6119,H-Aib-OH,alpha-methyl-alanine,2-amino-2-methylpropanoic acid,X,Backbone,PEPTIDE,H,OH,-,CNC(C)(C)C=O,{nnr:Aib},CC(C)(N[*])C([*])=O |$;;;;_R1;;_R2;$|
17,Aoc(2),1549365,H-Aoc(2)-OH,6-ethyl-L-norleucine,(2S)-2-aminooctanoic acid,L,Backbone,PEPTIDE,H,OH,-,CCCCCC[C@@H](C=O)NC,{nnr:Aoc(2)},CCCCCC[C@H](N[*])C([*])=O |$;;;;;;;;_R1;;_R2;$|
18,5-Ava,138,H-5-Ava-OH,5-aminovaleric acid,5-aminopentanoic acid,X,Backbone,PEPTIDE,H,OH,-,CNCCCCC=O,{nnr:5-Ava},[*]NCCCCC([*])=O |$_R1;;;;;;;_R2;$|
19,Bal,239,H-bAla-OH,beta-alanine,3-aminopropanoic acid,A,Backbone,PEPTIDE,H,OH,-,CNCCC=O,{nnr:b-Ala},[*]NCCC([*])=O |$_R1;;;;;_R2;$|
20,Me_Bal,75891,Me-bAla-OH,N-methyl-beta alanine,3-(methylamino)propanoic acid,A,Backbone,PEPTIDE,H,OH,-,CN(C)CCC=O,{nnr:Me-bAla},CN([*])CCC([*])=O |$;;_R1;;;;_R2;$|
21,HOCOCH2_Bal,281622,HOCOCH2-bAla-OH,N-(carboxymethyl)-beta alanine,3-(carboxymethylamino)propanoic acid,A,Backbone,PEPTIDE,H,OH,-,CN(CC=O)CCC(=O)O,{nnr:N-(Carboxymethyl)-bAla},[*]N(CCC(=O)O)CC([*])=O |$_R1;;;;;;;;;_R2;$|
22,Cys(EtO2H)_NH2,21969402,H-Cys(EtO2H)-NH2,N.D,"2-[(2R)-2,3-diamino-3-oxopropyl]sulfanylacetic acid",C,Backbone,PEPTIDE,H,OH,-,CN[C@@H](CSCC=O)C(N)=O,{nnr:Cys(EtO2H)_NH2},[*]N[C@@H](CSCC([*])=O)C(N)=O |$_R1;;;;;;;_R2;;;;$|
23,Cha,712421,H-Cha-OH,3-cyclohexyl-L-alanine,(2S)-2-amino-3-cyclohexylpropanoic acid,A,Backbone,PEPTIDE,H,OH,-,CN[C@H](C=O)CC1CCCCC1,A{nnm:3-Cyclohexyl},[*]N[C@@H](CC1CCCCC1)C([*])=O |$_R1;;;;;;;;;;;_R2;$|
24,dCha,736026,H-D-Cha-OH,3-cyclohexyl-D-alanine,(2R)-2-amino-3-cyclohexylpropanoic acid,A,Backbone,PEPTIDE,H,OH,-,CN[C@@H](C=O)CC1CCCCC1,A{d}{nnm:3-Cyclohexyl},[*]N[C@H](CC1CCCCC1)C([*])=O |$_R1;;;;;;;;;;;_R2;$|
25,Me_Cha,41097900,Me-Cha-OH,N-methyl-3-cyclohexyl-L-alanine,(2S)-3-cyclohexyl-2-(methylamino)propanoic acid,A,Backbone,PEPTIDE,H,OH,-,CN(C)[C@H](C=O)CC1CCCCC1,{nnr:Me-Cha},CN([*])[C@@H](CC1CCCCC1)C([*])=O |$;;_R1;;;;;;;;;;_R2;$|
26,D,5960,H-Asp-OH,Aspartic acid,(2S)-2-aminobutanedioic acid,D,Backbone,PEPTIDE,H,OH,OH,CN[C@H](C=O)CC=O,D,[*]N[C@@H](CC([*])=O)C([*])=O |$_R1;;;;;_R3;;;_R2;$|
27,meD,92982,Me-Asp-OH,N-methyl-L-aspartic acid,(2S)-2-(methylamino)butanedioic acid,D,Backbone,PEPTIDE,H,OH,OH,CN(C)[C@H](C=O)CC=O,D{nnm:N-Methyl},CN([*])[C@@H](CC([*])=O)C([*])=O |$;;_R1;;;;_R3;;;_R2;$|
28,Asp_piperidide,91615397,H-Asp-piperidide,N.D,(3S)-3-amino-4-oxo-4-piperidin-1-ylbutanoic acid,D,Backbone,PEPTIDE,H,OH,-,CN[C@@H](CC=O)C(=O)N1CCCCC1,{nnr:Asp-piperidide},[*]N[C@@H](CC([*])=O)C(=O)N1CCCCC1 |$_R1;;;;;_R2;;;;;;;;;$|
29,Asp(OMe),97368,H-Asp(OMe)-OH,O4-methyl-L-aspartic acid,(2S)-2-amino-4-methoxy-4-oxobutanoic acid,D,Backbone,PEPTIDE,H,OH,-,CN[C@H](C=O)CC(=O)OC,{nnr:Asp(OMe)},COC(=O)C[C@H](N[*])C([*])=O |$;;;;;;;_R1;;_R2;$|
30,Asp(Ph(2-NH2)),161166,H-Asp(Ph(2-NH2))-OH,Kynurenine,(2S)-2-amino-4-(2-aminophenyl)-4-oxobutanoic acid,D,Backbone,PEPTIDE,H,OH,-,CN[C@H](C=O)CC(=O)c1ccccc1N,{nnr:KYN},[*]N[C@@H](CC(=O)c1ccccc1N)C([*])=O |$_R1;;;;;;;;;;;;;;_R2;$|
31,dAsp(pyrrol-1-yl),129370878,H-D-Asp(pyrrol-1-yl)-OH,4-oxo-4-pyrrol-1-yl-D-homoalanine,(2R)-2-amino-4-oxo-4-pyrrolidin-1-ylbutanoic acid,D,Backbone,PEPTIDE,H,OH,-,CN[C@@H](C=O)CC(=O)N1CCCC1,{nnr:D-Asp(pyrrol-1-yl)},[*]N[C@H](CC(=O)N1CCCC1)C([*])=O |$_R1;;;;;;;;;;;;_R2;$|
32,E,33032,H-Glu-OH,Glutamic acid,(2S)-2-aminopentanedioic acid,E,Backbone,PEPTIDE,H,OH,OH,CN[C@H](C=O)CCC=O,E,[*]N[C@@H](CCC([*])=O)C([*])=O |$_R1;;;;;;_R3;;;_R2;$|
33,Glu_NH2,445883,H-Glu-NH2,Isoglutamine,"(4S)-4,5-diamino-5-oxopentanoic acid",E,Backbone,PEPTIDE,H,OH,-,CN[C@@H](CCC=O)C(N)=O,{nnr:isoglutamine},[*]N[C@@H](CCC([*])=O)C(N)=O |$_R1;;;;;;_R2;;;;$|
34,Glu(3R-Me),11412540,H-Glu(3R-Me)-OH,(3r)-3-methyl-L-glutamic acid,"(2S,3R)-2-amino-3-methylpentanedioic acid",E,Backbone,PEPTIDE,H,OH,-,CN[C@H](C=O)[C@H](C)CC(=O)O,{nnr:Glu(3R-Me)},C[C@H](CC(=O)O)[C@H](N[*])C([*])=O |$;;;;;;;;_R1;;_R2;$|
35,Glu(OMe),68662,H-Glu(OMe)-OH,5-methyl-L-glutamate,(2S)-2-amino-5-methoxy-5-oxopentanoic acid,E,Backbone,PEPTIDE,H,OH,-,CN[C@H](C=O)CCC(=O)OC,{nnr:Glu(OMe)},COC(=O)CC[C@H](N[*])C([*])=O |$;;;;;;;;_R1;;_R2;$|
36,dGlu(OMe),111219,H-D-Glu(OMe)-OH,5-methyl-D-glutamate,(2R)-2-amino-5-methoxy-5-oxopentanoic acid,E,Backbone,PEPTIDE,H,OH,-,CN[C@@H](C=O)CCC(=O)OC,{nnr:dGlu(OMe)},COC(=O)CC[C@@H](N[*])C([*])=O |$;;;;;;;;_R1;;_R2;$|
37,F,6140,H-Phe-OH,Phenylalanine,(2S)-2-amino-3-phenylpropanoic acid,F,Backbone,PEPTIDE,H,OH,-,CN[C@H](C=O)Cc1ccccc1,F,[*]N[C@@H](Cc1ccccc1)C([*])=O |$_R1;;;;;;;;;;;_R2;$|
38,dF,71567,H-D-Phe-OH,D-phenylalanine,(2R)-2-amino-3-phenylpropanoic acid,F,Backbone,PEPTIDE,H,OH,-,CN[C@@H](C=O)Cc1ccccc1,f{d},[*]N[C@H](Cc1ccccc1)C([*])=O |$_R1;;;;;;;;;;;_R2;$|
39,meF,6951135,Me-Phe-OH,N-methyl-L-phenylalanine,(2S)-2-(methylamino)-3-phenylpropanoic acid,F,Backbone,PEPTIDE,H,OH,-,CN(C)[C@H](C=O)Cc1ccccc1,F{nnm:N-Methyl},CN([*])[C@@H](Cc1ccccc1)C([*])=O |$;;_R1;;;;;;;;;;_R2;$|
40,Me_dF,6427037,Me-D-Phe-OH,N-methyl-D-phenylalanine,(2R)-2-(methylamino)-3-phenylpropanoic acid,F,Backbone,PEPTIDE,H,OH,-,CN(C)[C@@H](C=O)Cc1ccccc1,F{d}{nnm:N-Methyl},CN([*])[C@H](Cc1ccccc1)C([*])=O |$;;_R1;;;;;;;;;;_R2;$|
41,Phe(4-F),716312,H-Phe(4-F)-OH,4-fluoro-L-phenylalanine,(2S)-2-amino-3-(4-fluorophenyl)propanoic acid,F,Backbone,PEPTIDE,H,OH,-,CN[C@H](C=O)Cc1ccc(F)cc1,F{nnm:4-Fluoro},Fc1ccc(C[C@H](N[*])C([*])=O)cc1 |$;;;;;;;;_R1;;_R2;;;$|
42,dPhe(4-F),716314,H-D-Phe(4-F)-OH,4-fluoro-D-phenylalanine,(2R)-2-amino-3-(4-fluorophenyl)propanoic acid,F,Backbone,PEPTIDE,H,OH,-,CN[C@@H](C=O)Cc1ccc(F)cc1,F{d}{nnm:4-Fluoro},Fc1ccc(C[C@@H](N[*])C([*])=O)cc1 |$;;;;;;;;_R1;;_R2;;;$|
43,Phe(4-CF3),2761501,H-Phe(4-CF3)-OH,4-(trifluoromethyl)-L-phenylalanine,(2S)-2-amino-3-[4-(trifluoromethyl)phenyl]propanoic acid,F,Backbone,PEPTIDE,H,OH,-,CN[C@H](C=O)Cc1ccc(C(F)(F)F)cc1,F{nnm: (4-CF3)},FC(F)(F)c1ccc(C[C@H](N[*])C([*])=O)cc1 |$;;;;;;;;;;;_R1;;_R2;;;$|
44,Phe(4-NO2),13706,H-Phe(4-NO2)-OH,4-nitro-L-phenylalanine,(2S)-2-amino-3-(4-nitrophenyl)propanoic acid,F,Backbone,PEPTIDE,H,OH,-,CN[C@H](C=O)Cc1ccc([N+](=O)[O-])cc1,F{nnm: (4-NO2)},[*]N[C@@H](Cc1ccc(cc1)N(=O)=O)C([*])=O |$_R1;;;;;;;;;;;;;;_R2;$|
45,Phe(CHF2),79016552,H-Phe(CHF2)-OH,4-(difluoromethyl)-L-phenylalanine,(2S)-2-amino-3-[4-(difluoromethyl)phenyl]propanoic acid,F,Backbone,PEPTIDE,H,OH,-,CN[C@H](C=O)Cc1ccc(C(F)F)cc1,F{nnm:(4-CHF2)},[*]N[C@@H](Cc1ccc(C(F)F)cc1)C([*])=O |$_R1;;;;;;;;;;;;;;_R2;$|
46,"dPhe(3,4-diF)",716298,"H-D-Phe(3,4-diF)-OH","3,4-difluoro-D-phenylalanine","(2R)-2-amino-3-(3,4-difluorophenyl)propanoic acid",F,Backbone,PEPTIDE,H,OH,-,CN[C@@H](C=O)Cc1ccc(F)c(F)c1,"F{d}{nnm:(3,4-diF)}",Fc1ccc(C[C@@H](N[*])C([*])=O)cc1F |$;;;;;;;;_R1;;_R2;;;;$|
47,Et_Phe,10566639,Et-Phe-OH,N-ethyl-L-phenylalanine,(2S)-2-(ethylamino)-3-phenylpropanoic acid,F,Backbone,PEPTIDE,H,OH,-,CCN(C)[C@H](C=O)Cc1ccccc1,F{nnm:N-Ethyl},CCN([*])[C@@H](Cc1ccccc1)C([*])=O |$;;;_R1;;;;;;;;;;_R2;$|
48,H2NEt_Phe,13477633,H2NEt-Phe-OH,N-(2-aminoethyl)-L-phenylalanine,(2S)-2-(2-aminoethylamino)-3-phenylpropanoic acid,F,Backbone,PEPTIDE,H,OH,-,CNCCN[C@H](C=O)Cc1ccccc1,F{nnm:N-(2-Aminoethyl)},[*]NCCN[C@@H](Cc1ccccc1)C([*])=O |$_R1;;;;;;;;;;;;;;_R2;$|
49,Me_Phe(3-Cl),54398520,Me-Phe(3-Cl)-OH,N-methyl-3-chloro-L-phenylalanine,(2S)-3-(3-chlorophenyl)-2-(methylamino)propanoic acid,F,Backbone,PEPTIDE,H,OH,-,CN(C)[C@H](C=O)Cc1cccc(Cl)c1,F{nnm:N-Methyl-3-chloro},CN([*])[C@@H](Cc1cccc(Cl)c1)C([*])=O |$;;_R1;;;;;;;;;;;_R2;$|
50,Me_Phe(4-Cl),54210986,Me-Phe(4-Cl)-OH,N-methyl-4-chloro-L-phenylalanine,(2S)-3-(4-chlorophenyl)-2-(methylamino)propanoic acid,F,Backbone,PEPTIDE,H,OH,-,CN(C)[C@H](C=O)Cc1ccc(Cl)cc1,F{nnm:N-Methyl-4-chloro},CN([*])[C@@H](Cc1ccc(Cl)cc1)C([*])=O |$;;_R1;;;;;;;;;;;_R2;$|
51,"Me_Phe(a,b-dehydro)",87195324,"Me-Phe(a,b-dehydro)-OH","N-methyl-alpha,beta-didehydro-phenylalanine",(Z)-2-(methylamino)-3-phenylprop-2-enoic acid,F,Backbone,PEPTIDE,H,OH,-,CN(C)/C(C=O)=C\c1ccccc1,"{nnr:Me-Phe(a,b-dehydro)}",CN([*])/C(=C\c1ccccc1)C([*])=O |$;;_R1;;;;;;;;;;_R2;$|
52,G,750,H-Gly-OH,Glycine,2-aminoacetic acid,G,Backbone,PEPTIDE,H,OH,-,CNCC=O,G,[*]NCC([*])=O |$_R1;;;;_R2;$|
53,Bn_Gly,86965,Bn-Gly-OH,N-benzyl-glycine,2-(benzylamino)acetic acid,G,Backbone,PEPTIDE,H,OH,-,CN(CC=O)Cc1ccccc1,G{nnm:N-Benzyl},[*]N(CC([*])=O)Cc1ccccc1 |$_R1;;;;_R2;;;;;;;;$|
54,Bn(4-Cl)_Gly,413853,Bn(4-Cl)-Gly-OH,N-(4-chlorobenzyl)-glycine,2-[(4-chlorophenyl)methylamino]acetic acid,G,Backbone,PEPTIDE,H,OH,-,CN(CC=O)Cc1ccc(Cl)cc1,G{nnm:N-(4-chlorobenzyl)},[*]N(CC([*])=O)Cc1ccc(Cl)cc1 |$_R1;;;;_R2;;;;;;;;;$|
55,Bn(4-OH)_Gly,15384589,Bn(4-OH)-Gly-OH,N-(4-hydroxybenzyl)-glycine,2-[(4-hydroxyphenyl)methylamino]acetic acid,G,Backbone,PEPTIDE,H,OH,-,CN(CC=O)Cc1ccc(O)cc1,G{nnm:N-(4-hydroxybenzyl)},Oc1ccc(CN([*])CC([*])=O)cc1 |$;;;;;;;_R1;;;_R2;;;$|
56,Bu_Gly,413376,Bu-Gly-OH,N-butyl-glycine,2-(butylamino)acetic acid,G,Backbone,PEPTIDE,H,OH,-,CCCCN(C)CC=O,G{nnm:N-Butyl},CCCCN([*])CC([*])=O |$;;;;;_R1;;;_R2;$|
57,iBu_Gly,10261121,iBu-Gly-OH,N-isobutyl-glycine,2-(2-methylpropylamino)acetic acid,G,Backbone,PEPTIDE,H,OH,-,CC(C)CN(C)CC=O,G{nnm:N-Isobutyl},CC(C)CN([*])CC([*])=O |$;;;;;_R1;;;_R2;$|
58,Et_Gly,316542,Et-Gly-OH,N-ethyl-glycine,2-(ethylamino)acetic acid,G,Backbone,PEPTIDE,H,OH,-,CCN(C)CC=O,G{nnm:N-Ethyl},CCN([*])CC([*])=O |$;;;_R1;;;_R2;$|
59,EtOEt_Gly,43465734,EtOEt-Gly-OH,N-(2-ethoxyethyl)-glycine,2-(2-ethoxyethylamino)acetic acid,G,Backbone,PEPTIDE,H,OH,-,CCOCCN(C)CC=O,G{nnm:N-(2-Ethoxyethyl)},CCOCCN([*])CC([*])=O |$;;;;;;_R1;;;_R2;$|
60,HOCOCH2_Gly_ol,225935,HOCOCH2-Gly-ol,Petalonine,2-(2-hydroxyethylamino)acetic acid,G,Backbone,PEPTIDE,H,OH,-,CN(CC=O)CCO,{nnr:Petalonine},[*]N(CCO)CC([*])=O |$_R1;;;;;;;_R2;$|
61,MeOEt_Gly,9964102,MeOEt-Gly-OH,N-(2-methoxyethyl)-glycine,2-(2-methoxyethylamino)acetic acid,G,Backbone,PEPTIDE,H,OH,-,COCCN(C)CC=O,G{nnm:N-(2-methoxyethyl)},COCCN([*])CC([*])=O |$;;;;;_R1;;;_R2;$|
62,NH2Bu_Gly,10909707,NH2Bu-Gly-OH,N-(4-aminobutyl)glycine,2-(4-aminobutylamino)acetic acid,G,Backbone,PEPTIDE,H,OH,-,CN(CC=O)CCCCN,G{nnm:N-(4-aminobutyl)},[*]N(CCCCN)CC([*])=O |$_R1;;;;;;;;;_R2;$|
63,Pr_Gly,414243,Pr-Gly-OH,N-propyl-glycine,2-(propylamino)acetic acid,G,Backbone,PEPTIDE,H,OH,-,CCCN(C)CC=O,G{nnm:N-Propyl},CCCN([*])CC([*])=O |$;;;;_R1;;;_R2;$|
64,PhEt_Gly,242245,PhEt-Gly-OH,N-(2-phenylethyl)-glycine,2-(2-phenylethylamino)acetic acid,G,Backbone,PEPTIDE,H,OH,-,CN(CC=O)CCc1ccccc1,G{nnm:N-(2-phenylethyl)},[*]N(CCc1ccccc1)CC([*])=O |$_R1;;;;;;;;;;;;_R2;$|
65,PhPr_Gly,18618269,PhPr-Gly-OH,N-(3-phenylpropyl)-glycine,2-(3-phenylpropylamino)acetic acid,G,Backbone,PEPTIDE,H,OH,-,CN(CC=O)CCCc1ccccc1,G{nnm:N-(3-phenylpropyl)},[*]N(CCCc1ccccc1)CC([*])=O |$_R1;;;;;;;;;;;;;_R2;$|
66,cHexCH2_Gly,17901913,cHexCH2-Gly-OH,N-cyclohexylmethyl-glycine,2-(cyclohexylmethylamino)acetic acid,G,Backbone,PEPTIDE,H,OH,-,CN(CC=O)CC1CCCCC1,G{nnm:N-cyclohexylmethyl},[*]N(CC1CCCCC1)CC([*])=O |$_R1;;;;;;;;;;;_R2;$|
67,isoamyl_Gly,90201,isoamyl-Gly-OH,N-(3-methylbutyl)-glycine,2-(3-methylbutylamino)acetic acid,G,Backbone,PEPTIDE,H,OH,-,CC(C)CCN(C)CC=O,G{nnm:N-(3-methylbutyl)},CC(C)CCN([*])CC([*])=O |$;;;;;;_R1;;;_R2;$|
68,pentyl_Gly,414247,pentyl-Gly-OH,N-pentyl-glycine,2-(pentylamino)acetic acid,G,Backbone,PEPTIDE,H,OH,-,CCCCCN(C)CC=O,G{nnm:N-Pentyl},CCCCCN([*])CC([*])=O |$;;;;;;_R1;;;_R2;$|
69,3-pyridylethyl_Gly,60766821,3-pyridylethyl-Gly-OH,N-(2-pyrid-3-ylethyl)-glycine,2-(2-pyridin-3-ylethylamino)acetic acid,G,Backbone,PEPTIDE,H,OH,-,CN(CC=O)CCc1cccnc1,G{nnm:N-(2-pyrid-3-ylethyl)},[*]N(CCc1cccnc1)CC([*])=O |$_R1;;;;;;;;;;;;_R2;$|
70,2-pyridylmethyl_Gly,10103509,2-pyridylmethyl-Gly-OH,N-pyrid-2-ylmethyl-glycine,2-(pyridin-2-ylmethylamino)acetic acid,G,Backbone,PEPTIDE,H,OH,-,CN(CC=O)Cc1ccccn1,G{nnm:N-pyrid-2-ylmethyl},[*]N(CC([*])=O)Cc1ccccn1 |$_R1;;;;_R2;;;;;;;;$|
71,d(N->O)Gly(allyl),12192434,N.D,N.D,(2R)-2-hydroxypent-4-enoic acid,G,Backbone,PEPTIDE,H,OH,-,C=CC[C@H](C=O)OC,{nnr:d(N->O)Gly(allyl)},C=CC[C@@H](O[*])C([*])=O |$;;;;;_R1;;_R2;$|
72,GABA,119,N.D,4-aminobutyric acid,4-aminobutanoic acid,X,Backbone,PEPTIDE,H,OH,-,CNCCCC=O,{nnr:GABA},[*]NCCCC([*])=O |$_R1;;;;;;_R2;$|
73,H,6274,H-His-OH,Histidine,(2S)-2-amino-3-(1H-imidazol-5-yl)propanoic acid,H,Backbone,PEPTIDE,H,OH,-,CN[C@H](C=O)Cc1c[nH]cn1,H,[*]N[C@@H](Cc1c[nH]cn1)C([*])=O |$_R1;;;;;;;;;;_R2;$|
74,Hph,2724505,H-hPhe-OH,Homophenylalanine,(2S)-2-amino-4-phenylbutanoic acid,F,Backbone,PEPTIDE,H,OH,-,CN[C@H](C=O)CCc1ccccc1,{nnr:L-HPA},[*]N[C@@H](CCc1ccccc1)C([*])=O |$_R1;;;;;;;;;;;;_R2;$|
75,Me_Hph,18645360,Me-hPhe-OH,N-methyl-L-homophenylalanine,(2S)-2-(methylamino)-4-phenylbutanoic acid,F,Backbone,PEPTIDE,H,OH,-,CN(C)[C@H](C=O)CCc1ccccc1,{nnr:Me-hPhe},CN([*])[C@@H](CCc1ccccc1)C([*])=O |$;;_R1;;;;;;;;;;;_R2;$|
76,bHph,2761537,H-beta-hPhe-OH,beta-homophenylalanine,(3S)-3-amino-4-phenylbutanoic acid,F,Backbone,PEPTIDE,H,OH,-,CN[C@H](CC=O)Cc1ccccc1,{nnr:3FB},[*]N[C@H](CC([*])=O)Cc1ccccc1 |$_R1;;;;;_R2;;;;;;;;$|
77,Hph(2-Cl),72208771,H-hPhe(2-Cl)-OH,2-chloro-L-homophenylalanine,(2S)-2-amino-4-(2-chlorophenyl)butanoic acid,F,Backbone,PEPTIDE,H,OH,-,CN[C@H](C=O)CCc1ccccc1Cl,{nnr:hPhe(2-Cl)},[*]N[C@@H](CCc1ccccc1Cl)C([*])=O |$_R1;;;;;;;;;;;;;_R2;$|
78,Hph(3-Cl),18391901,H-hPhe(3-Cl)-OH,3-chloro-L-homophenylalanine,(2S)-2-amino-4-(3-chlorophenyl)butanoic acid,F,Backbone,PEPTIDE,H,OH,-,CN[C@H](C=O)CCc1cccc(Cl)c1,{nnr:hPhe(3-Cl)},[*]N[C@@H](CCc1cccc(Cl)c1)C([*])=O |$_R1;;;;;;;;;;;;;_R2;$|
79,Hph(4-Cl),10943829,H-hPhe(4-Cl)-OH,4-chloro-L-homophenylalanine,(2S)-2-amino-4-(4-chlorophenyl)butanoic acid,F,Backbone,PEPTIDE,H,OH,-,CN[C@H](C=O)CCc1ccc(Cl)cc1,{nnr:hPhe(4-Cl)},[*]N[C@@H](CCc1ccc(Cl)cc1)C([*])=O |$_R1;;;;;;;;;;;;;_R2;$|
80,Hse(Et),176954,H-Hse(Et)-OH,O-ethyl-L-homoserine,(2S)-2-amino-4-ethoxybutanoic acid,S,Backbone,PEPTIDE,H,OH,-,CCOCC[C@@H](C=O)NC,{nnr:Hse(Et)},CCOCC[C@H](N[*])C([*])=O |$;;;;;;;_R1;;_R2;$|
81,dHyp,440074,H-D-Hyp-OH,4-hydroxy-D-proline,"(2R,4S)-4-hydroxypyrrolidine-2-carboxylic acid",P,Backbone,PEPTIDE,H,OH,-,CN1C[C@@H](O)C[C@@H]1C=O,P{d}{4-Hydroxy},O[C@H]1C[C@@H](N([*])C1)C([*])=O |$;;;;;_R1;;;_R2;$|
82,Hyp(Et),45115929,H-Hyp(Et)-OH,(4R)-4-(ethyloxy)-L-proline,"(2S,4R)-4-ethoxypyrrolidine-2-carboxylic acid",P,Backbone,PEPTIDE,H,OH,-,CCO[C@@H]1C[C@@H](C=O)N(C)C1,{nnr:Hyp(Et)},CCO[C@@H]1C[C@@H](C([*])=O)N([*])C1 |$;;;;;;;_R2;;;_R1;$|
83,I,6306,H-Ile-OH,Isoleucine,"(2S,3S)-2-amino-3-methylpentanoic acid",I,Backbone,PEPTIDE,H,OH,-,CC[C@H](C)[C@@H](C=O)NC,I,CC[C@H](C)[C@H](N[*])C([*])=O |$;;;;;;_R1;;_R2;$|
84,dI,76551,H-D-Ile-OH,D-isoleucine,"(2R,3R)-2-amino-3-methylpentanoic acid",I,Backbone,PEPTIDE,H,OH,-,CC[C@@H](C)[C@H](C=O)NC,I{d},CC[C@@H](C)[C@@H](N[*])C([*])=O |$;;;;;;_R1;;_R2;$|
85,meI,5288628,Me-Ile-OH,N-methyl-L-isoleucine,"(2S,3S)-3-methyl-2-(methylamino)pentanoic acid",I,Backbone,PEPTIDE,H,OH,-,CC[C@H](C)[C@@H](C=O)N(C)C,I{nnm:N-Methyl},CC[C@H](C)[C@H](N(C)[*])C([*])=O |$;;;;;;;_R1;;_R2;$|
86,Me_dI,40475367,Me-D-Ile-OH,N-methyl-D-isoleucine,"(2R,3R)-3-methyl-2-(methylamino)pentanoic acid",I,Backbone,PEPTIDE,H,OH,-,CC[C@@H](C)[C@H](C=O)N(C)C,I{d}{nnm:N-Methyl},CC[C@@H](C)[C@@H](N(C)[*])C([*])=O |$;;;;;;;_R1;;_R2;$|
87,(N->O)xiIle,9964099,N.D,N.D,(2S)-2-hydroxy-3-methylpentanoic acid,I,Backbone,PEPTIDE,H,OH,-,CCC(C)[C@@H](C=O)OC,{nnr:(N->O)xiIle},CCC(C)[C@H](O[*])C([*])=O |$;;;;;;_R1;;_R2;$|
88,d(N->O)aIle,10820562,N.D,D-alloisoleucic acid,"(2R,3S)-2-hydroxy-3-methylpentanoic acid",I,Backbone,PEPTIDE,H,OH,-,CC[C@H](C)[C@H](C=O)OC,{nnr:d(N->O)aIle},CC[C@H](C)[C@@H](O[*])C([*])=O |$;;;;;;_R1;;_R2;$|
89,K,5962,H-Lys-OH,Lysine,"(2S)-2,6-diaminohexanoic acid",K,Backbone,PEPTIDE,H,OH,H,CNCCCC[C@@H](C=O)NC,K,[*]N[C@@H](CCCCN[*])C([*])=O |$_R1;;;;;;;;_R3;;_R2;$|
90,dK,57449,H-D-Lys-OH,D-lysine,"(2R)-2,6-diaminohexanoic acid",K,Backbone,PEPTIDE,H,OH,H,CNCCCC[C@H](C=O)NC,K{d},[*]N[C@H](CCCCN[*])C([*])=O |$_R1;;;;;;;;_R3;;_R2;$|
91,meK,7010497,Me-Lys-OH,N-methyl-L-lysine,(2S)-6-amino-2-(methylamino)hexanoic acid,K,Backbone,PEPTIDE,H,OH,H,CN(C)[C@H](C=O)CCCCN,K{nnm:N-Methyl},CN([*])[C@@H](CCCCN)C([*])=O |$;;_R1;;;;;;;;_R2;$|
92,Me_dK,25201204,Me-D-Lys-OH,N-methyl-D-lysine,(2R)-6-amino-2-(methylamino)hexanoic acid,K,Backbone,PEPTIDE,H,OH,H,CN(C)[C@@H](C=O)CCCCN,K{d}{nnm:N-Methyl},CN([*])[C@H](CCCCN)C([*])=O |$;;_R1;;;;;;;;_R2;$|
93,Lys(Ac),92832,H-Lys(Ac)-OH,N6-acetyl-L-lysine,(2S)-6-acetamido-2-aminohexanoic acid,K,Backbone,PEPTIDE,H,OH,-,CN[C@H](C=O)CCCCNC(C)=O,K{nnm:N6-Acetyl},CC(=O)NCCCC[C@H](N[*])C([*])=O |$;;;;;;;;;;_R1;;_R2;$|
94,Lys(Cbz),1715626,H-Lys(Cbz)-OH,N6-benzyloxycarbonyl-L-lysine,(2S)-2-amino-6-(phenylmethoxycarbonylamino)hexanoic acid,K,Backbone,PEPTIDE,H,OH,-,CN[C@H](C=O)CCCCNC(=O)OCc1ccccc1,K{nnm:N6-Benzyloxycarbonyl},[*]N[C@@H](CCCCNC(=O)OCc1ccccc1)C([*])=O |$_R1;;;;;;;;;;;;;;;;;;;_R2;$|
95,Lys(iPr),7010704,H-Lys(iPr)-OH,N6-isopropyl-L-lysine,(2S)-2-amino-6-(propan-2-ylamino)hexanoic acid,K,Backbone,PEPTIDE,H,OH,-,CN[C@H](C=O)CCCCNC(C)C,K{nnm:N6-isopropyl},CC(C)NCCCC[C@H](N[*])C([*])=O |$;;;;;;;;;;_R1;;_R2;$|
96,Lys(Me),164795,H-Lys(Me)-OH,N6-methyl-L-lysine,(2S)-2-amino-6-(methylamino)hexanoic acid,K,Backbone,PEPTIDE,H,OH,-,CNCCCC[C@@H](C=O)NC,K{nnm:N6-Methyl},CNCCCC[C@H](N[*])C([*])=O |$;;;;;;;;_R1;;_R2;$|
97,Me_Lys(Me),25201466,Me-Lys(Me)-OH,N-methyl-N6-methyl-L-lysine,"(2S)-2,6-bis(methylamino)hexanoic acid",K,Backbone,PEPTIDE,H,OH,-,CNCCCC[C@@H](C=O)N(C)C,K{nnm:N-methyl-N6-methyl-},CNCCCC[C@H](N(C)[*])C([*])=O |$;;;;;;;;;_R1;;_R2;$|
98,Lys(Me2),193344,H-Lys(Me2)-OH,"N6,N6-dimethyl-L-lysine",(2S)-2-amino-6-(dimethylamino)hexanoic acid,K,Backbone,PEPTIDE,H,OH,-,CN[C@H](C=O)CCCCN(C)C,"K{nnm:N6,N6-dimethyl}",CN(C)CCCC[C@H](N[*])C([*])=O |$;;;;;;;;;_R1;;_R2;$|
99,Lys(Tfa),7009573,H-Lys(Tfa)-OH,N6-trifluoroacetyl-L-lysine,"(2S)-2-amino-6-[(2,2,2-trifluoroacetyl)amino]hexanoic acid",K,Backbone,PEPTIDE,H,OH,-,CN[C@H](C=O)CCCCNC(=O)C(F)(F)F,K{nnm:N6-trifluoroacetyl},[*]N[C@@H](CCCCNC(=O)C(F)(F)F)C([*])=O |$_R1;;;;;;;;;;;;;;;_R2;$|
100,L,6106,H-Leu-OH,Leucine,(2S)-2-amino-4-methylpentanoic acid,L,Backbone,PEPTIDE,H,OH,-,CN[C@H](C=O)CC(C)C,L,CC(C)C[C@H](N[*])C([*])=O |$;;;;;;_R1;;_R2;$|
101,dL,439524,H-D-Leu-OH,D-leucine,(2R)-2-amino-4-methylpentanoic acid,L,Backbone,PEPTIDE,H,OH,-,CN[C@@H](C=O)CC(C)C,L{d},CC(C)C[C@@H](N[*])C([*])=O |$;;;;;;_R1;;_R2;$|
102,meL,2777993,Me-Leu-OH,N-methyl-L-leucine,(2S)-4-methyl-2-(methylamino)pentanoic acid,L,Backbone,PEPTIDE,H,OH,-,CC(C)C[C@@H](C=O)N(C)C,L{nnm:N-Methyl},CC(C)C[C@H](N(C)[*])C([*])=O |$;;;;;;;_R1;;_R2;$|
103,Me_dL,6951123,Me-D-Leu-OH,N-methyl-D-leucine,(2R)-4-methyl-2-(methylamino)pentanoic acid,L,Backbone,PEPTIDE,H,OH,-,CC(C)C[C@H](C=O)N(C)C,L{d}{nnm:N-Methyl},CC(C)C[C@@H](N(C)[*])C([*])=O |$;;;;;;;_R1;;_R2;$|
104,aMeLeu,446181,H-aMeLeu-OH,2-methyl-L-leucine,"(2S)-2-amino-2,4-dimethylpentanoic acid",L,Backbone,PEPTIDE,H,OH,-,CN[C@](C)(C=O)CC(C)C,L{nnm:2-Methyl},CC(C)C[C@](C)(N[*])C([*])=O |$;;;;;;;_R1;;_R2;$|
105,dLeu(3R-OH),10942590,H-D-Leu(3R-OH)-OH,(3R)-3-hydroxy-D-leucine,"(2R,3R)-2-amino-3-hydroxy-4-methylpentanoic acid",L,Backbone,PEPTIDE,H,OH,H,CN[C@@H](C=O)[C@H](OC)C(C)C,{nnr:D-Leu(3R-OH)},CC(C)[C@@H](O[*])[C@@H](N[*])C([*])=O |$;;;;;_R3;;;_R1;;_R2;$|
106,(N->O)Leu,83697,N.D,Leucic acid,(2S)-2-hydroxy-4-methylpentanoic acid,L,Backbone,PEPTIDE,H,OH,-,CO[C@H](C=O)CC(C)C,{nnr:(N->O)Leu},CC(C)C[C@H](O[*])C([*])=O |$;;;;;;_R1;;_R2;$|
107,d(N->O)Leu,439960,N.D,D-leucic acid,(2R)-2-hydroxy-4-methylpentanoic acid,L,Backbone,PEPTIDE,H,OH,-,CO[C@@H](C=O)CC(C)C,{nnr:d(N->O)Leu},CC(C)C[C@@H](O[*])C([*])=O |$;;;;;;_R1;;_R2;$|
108,M,6137,H-Met-OH,Methionine,(2S)-2-amino-4-methylsulfanylbutanoic acid,M,Backbone,PEPTIDE,H,OH,-,CN[C@H](C=O)CCSC,M,CSCC[C@H](N[*])C([*])=O |$;;;;;;_R1;;_R2;$|
109,meM,6451891,Me-Met-OH,N-methyl-L-methionine,(2S)-2-(methylamino)-4-methylsulfanylbutanoic acid,M,Backbone,PEPTIDE,H,OH,-,CSCC[C@@H](C=O)N(C)C,M{nnm:N-Methyl},CSCC[C@@H](C([*])=O)N(C)[*] |$;;;;;;_R2;;;;_R1$|
110,Met(O2),445282,H-Met(O2)-OH,Methionine sulfone,(2S)-2-amino-4-methylsulfonylbutanoic acid,M,Backbone,PEPTIDE,H,OH,-,CN[C@H](C=O)CCS(C)(=O)=O,M{nnm:Sulfone},CS(=O)(=O)CC[C@H](N[*])C([*])=O |$;;;;;;;;_R1;;_R2;$|
111,N,6267,H-Asn-OH,Asparagine,"(2S)-2,4-diamino-4-oxobutanoic acid",N,Backbone,PEPTIDE,H,OH,-,CN[C@H](C=O)CC(N)=O,N,NC(=O)C[C@H](N[*])C([*])=O |$;;;;;;_R1;;_R2;$|
112,dN,439600,H-D-Asn-OH,D-asparagine,"(2R)-2,4-diamino-4-oxobutanoic acid",N,Backbone,PEPTIDE,H,OH,-,CN[C@@H](C=O)CC(N)=O,N{d},NC(=O)C[C@@H](N[*])C([*])=O |$;;;;;;_R1;;_R2;$|
113,meN,13205024,Me-Asn-OH,N-methyl-L-asparagine,(2S)-4-amino-2-(methylamino)-4-oxobutanoic acid,N,Backbone,PEPTIDE,H,OH,-,CN(C)[C@H](C=O)CC(N)=O,N{nnm:N-Methyl},CN([*])[C@@H](CC(N)=O)C([*])=O |$;;_R1;;;;;;;_R2;$|
114,dAsn(Me2),101739211,H-D-Asn(Me2)-OH,"N4,N4-dimethyl-D-asparagine",(2R)-2-amino-4-(dimethylamino)-4-oxobutanoic acid,N,Backbone,PEPTIDE,H,OH,-,CN[C@@H](C=O)CC(=O)N(C)C,"N{d}{nnm:N4,N4-dimethyl}",CN(C)C(=O)C[C@@H](N[*])C([*])=O |$;;;;;;;;_R1;;_R2;$|
115,Nal,185915,H-2Nal-OH,3-(2-naphthyl)-L-alanine,(2S)-2-amino-3-naphthalen-2-ylpropanoic acid,A,Backbone,PEPTIDE,H,OH,-,CN[C@H](C=O)Cc1ccc2ccccc2c1,A{nnm:3-naphthalen-2-yl},[*]N[C@@H](Cc1ccc2ccccc2c1)C([*])=O |$_R1;;;;;;;;;;;;;;;_R2;$|
116,1-Nal,2724883,H-1Nal-OH,3-(1-naphthyl)-L-alanine,(2S)-2-amino-3-naphthalen-1-ylpropanoic acid,A,Backbone,PEPTIDE,H,OH,-,CN[C@H](C=O)Cc1cccc2ccccc12,A{nnm:3-(1-naphthyl)},[*]N[C@@H](Cc1cccc2ccccc12)C([*])=O |$_R1;;;;;;;;;;;;;;;_R2;$|
117,d1-Nal,6950505,H-D-1-Nal-OH,3-(1-naphthyl)-D-alanine,(2R)-2-amino-3-naphthalen-1-ylpropanoic acid,A,Backbone,PEPTIDE,H,OH,-,CN[C@@H](C=O)Cc1cccc2ccccc12,A{d}{nnm:3-(1-naphthyl)},[*]N[C@H](Cc1cccc2ccccc12)C([*])=O |$_R1;;;;;;;;;;;;;;;_R2;$|
118,Nle,21236,H-Nle-OH,Norleucine,(2S)-2-aminohexanoic acid,L,Backbone,PEPTIDE,H,OH,-,CCCC[C@@H](C=O)NC,{nnr:Nle},CCCC[C@H](N[*])C([*])=O |$;;;;;;_R1;;_R2;$|
119,Me_Nle,7010351,Me-Nle-OH,N-methyl-L-norleucine,(2S)-2-(methylamino)hexanoic acid,L,Backbone,PEPTIDE,H,OH,-,CCCC[C@@H](C=O)N(C)C,{nnr:MeNle},CCCC[C@H](N(C)[*])C([*])=O |$;;;;;;;_R1;;_R2;$|
120,Me_dNle,15677253,Me-D-Nle-OH,N-methyl-D-norleucine,(2R)-2-(methylamino)hexanoic acid,L,Backbone,PEPTIDE,H,OH,-,CCCC[C@H](C=O)N(C)C,{nnr:Me-D-Nle},CCCC[C@H](C([*])=O)N(C)[*] |$;;;;;;_R2;;;;_R1$|
121,Nle(CHF2),102168895,H-Nle(CHF2)-OH,6-(difluoromethyl)-L-norleucine,"(2S)-2-amino-7,7-difluoroheptanoic acid",L,Backbone,PEPTIDE,H,OH,-,CN[C@H](C=O)CCCCC(F)F,{nnr:Nle(CHF2)},[*]N[C@@H](CCCCC(F)F)C([*])=O |$_R1;;;;;;;;;;;_R2;$|
122,Nle(OH),97725,H-Nle(OH)-OH,6-hydroxy-L-norleucine,(2S)-2-amino-6-hydroxyhexanoic acid,L,Backbone,PEPTIDE,H,OH,-,CN[C@H](C=O)CCCCO,{nnr:Nle(OH)},[*]N[C@@H](CCCCO)C([*])=O |$_R1;;;;;;;;;_R2;$|
123,Nva,65098,H-Nva-OH,Norvaline,(2S)-2-aminopentanoic acid,V,Backbone,PEPTIDE,H,OH,-,CCC[C@@H](C=O)NC,{nnr:Nva},CCC[C@H](N[*])C([*])=O |$;;;;;_R1;;_R2;$|
124,dNva,439575,H-D-Nva-OH,D-norvaline,(2R)-2-aminopentanoic acid,V,Backbone,PEPTIDE,H,OH,-,CCC[C@H](C=O)NC,{nnr:D-Nva},CCC[C@@H](N[*])C([*])=O |$;;;;;_R1;;_R2;$|
125,Me_Nva,7010353,Me-Nva-OH,N-methyl-L-norvaline,(2S)-2-(methylamino)pentanoic acid,V,Backbone,PEPTIDE,H,OH,-,CCC[C@@H](C=O)N(C)C,{nnr:MeNva},CCC[C@H](N(C)[*])C([*])=O |$;;;;;;_R1;;_R2;$|
126,Me_dNva,15677248,Me-D-Nva-OH,N-methyl-D-norvaline,(2R)-2-(methylamino)pentanoic acid,V,Backbone,PEPTIDE,H,OH,-,CCC[C@H](C=O)N(C)C,{nnr:Me-D-Nva},CCC[C@@H](N(C)[*])C([*])=O |$;;;;;;_R1;;_R2;$|
127,Nva(Ph),2761813,H-Nva(Ph)-OH,5-phenyl-L-norvaline,(2S)-2-amino-5-phenylpentanoic acid,V,Backbone,PEPTIDE,H,OH,-,CN[C@H](C=O)CCCc1ccccc1,{nnr:Nva(Ph)},[*]N[C@@H](CCCc1ccccc1)C([*])=O |$_R1;;;;;;;;;;;;;_R2;$|
128,Orn,6262,H-Orn-OH,Ornithine,"(2S)-2,5-diaminopentanoic acid",K,Backbone,PEPTIDE,H,OH,H,CNCCC[C@@H](C=O)NC,{nnr:Orn},[*]N[C@@H](CCCN[*])C([*])=O |$_R1;;;;;;;_R3;;_R2;$|
129,P,145742,H-Pro-OH,Proline,(2S)-pyrrolidine-2-carboxylic acid,P,Backbone,PEPTIDE,H,OH,-,CN1CCC[C@H]1C=O,P,[*]N1CCC[C@H]1C([*])=O |$_R1;;;;;;;_R2;$|
130,dP,8988,H-D-Pro-OH,D-proline,(2R)-pyrrolidine-2-carboxylic acid,P,Backbone,PEPTIDE,H,OH,-,CN1CCC[C@@H]1C=O,P{d},[*]N1CCC[C@@H]1C([*])=O |$_R1;;;;;;;_R2;$|
131,3Pal,152953,H-3Pal-OH,3-(3-pyridyl)-L-alanine,(2S)-2-amino-3-pyridin-3-ylpropanoic acid,A,Backbone,PEPTIDE,H,OH,-,CN[C@H](C=O)Cc1cccnc1,A{nnm:3-(3-pyridyl)},[*]N[C@@H](Cc1cccnc1)C([*])=O |$_R1;;;;;;;;;;;_R2;$|
132,4Pal,7009701,H-4Pal-OH,3-(4-pyridyl)-L-alanine,(2S)-2-amino-3-pyridin-4-ylpropanoic acid,A,Backbone,PEPTIDE,H,OH,-,CN[C@H](C=O)Cc1ccncc1,A{nnm:3-(4-pyridyl)},[*]N[C@@H](Cc1ccncc1)C([*])=O |$_R1;;;;;;;;;;;_R2;$|
133,Phg,99291,H-Phg-OH,2-phenyl-L-glycine,(2S)-2-amino-2-phenylacetic acid,G,Backbone,PEPTIDE,H,OH,-,CN[C@H](C=O)c1ccccc1,G{nnm:2-Phenyl},[*]N[C@H](C([*])=O)c1ccccc1 |$_R1;;;;_R2;;;;;;;$|
134,Pip,439227,H-Pip-OH,Pipecolic acid,(2S)-piperidine-2-carboxylic acid,X,Backbone,PEPTIDE,H,OH,-,CN1CCCC[C@H]1C=O,{nnr:Pip},[*]N1CCCC[C@H]1C([*])=O |$_R1;;;;;;;;_R2;$|
135,dPip,736316,H-D-Pip-OH,D-pipecolic acid,(2R)-piperidine-2-carboxylic acid,X,Backbone,PEPTIDE,H,OH,-,CN1CCCC[C@@H]1C=O,{nnr:D-Pip},[*]N1CCCC[C@@H]1C([*])=O |$_R1;;;;;;;;_R2;$|
136,Pye,67154375,N.D,"N,N-pyrrolidinyl glutamine",(2S)-2-amino-5-oxo-5-pyrrolidin-1-ylpentanoic acid,Q,Backbone,PEPTIDE,H,OH,-,CN[C@H](C=O)CCC(=O)N1CCCC1,"Q{nnm:N,N-pyrrolidinyl}",[*]N[C@@H](CCC(=O)N1CCCC1)C([*])=O |$_R1;;;;;;;;;;;;;_R2;$|
137,dPye,156188098,N.D,"D-N,N-pyrrolidinyl glutamine",(2R)-2-amino-5-oxo-5-pyrrolidin-1-ylpentanoic acid,Q,Backbone,PEPTIDE,H,OH,-,CN[C@@H](C=O)CCC(=O)N1CCCC1,"Q{d}{nnm:N,N-pyrrolidinyl}",[*]N[C@H](CCC(=O)N1CCCC1)C([*])=O |$_R1;;;;;;;;;;;;;_R2;$|
138,Q,5961,H-Gln-OH,Glutamine,"(2S)-2,5-diamino-5-oxopentanoic acid",Q,Backbone,PEPTIDE,H,OH,-,CN[C@H](C=O)CCC(N)=O,Q,NC(=O)CC[C@H](N[*])C([*])=O |$;;;;;;;_R1;;_R2;$|
139,meQ,160669,Me-Gln-OH,N-methyl-L-glutamine,(2S)-5-amino-2-(methylamino)-5-oxopentanoic acid,Q,Backbone,PEPTIDE,H,OH,-,CN(C)[C@H](C=O)CCC(N)=O,Q{nnm:N-Methyl},CN([*])[C@@H](CCC(N)=O)C([*])=O |$;;_R1;;;;;;;;_R2;$|
140,Gln(Me),922,H-Gln(Me)-OH,N5-methyl-L-glutamine,2-amino-5-(methylamino)-5-oxopentanoic acid,Q,Backbone,PEPTIDE,H,OH,-,CNC(=O)CC[C@@H](C=O)NC,Q{nnm:N5-Methyl},CNC(=O)CC[C@H](N[*])C([*])=O |$;;;;;;;;_R1;;_R2;$|
141,Gln(Me2),12679610,H-Gln(Me2)-OH,"N5,N5-dimethyl-L-glutamine",(2S)-2-amino-5-(dimethylamino)-5-oxopentanoic acid,Q,Backbone,PEPTIDE,H,OH,-,CN[C@H](C=O)CCC(=O)N(C)C,"Q{nnm:N5,N5-Dimethyl}",CN(C)C(=O)CC[C@H](N[*])C([*])=O |$;;;;;;;;;_R1;;_R2;$|
142,dGln(Me2),N.D,H-D-Gln(Me2)-OH,"N5,N5-dimethyl-D-glutamine",(2R)-2-amino-5-(dimethylamino)-5-oxopentanoic acid,Q,Backbone,PEPTIDE,H,OH,-,CN[C@@H](C=O)CCC(=O)N(C)C,"Q{d}{nnm:N5,N5-Dimethyl}",CN(C)C(=O)CC[C@@H](N[*])C([*])=O |$;;;;;;;;;_R1;;_R2;$|
143,Gln(Mes),9964556,H-Gln(Mes)-OH,N5-mesyl-L-glutamine,(2S)-2-amino-5-(methanesulfonamido)-5-oxopentanoic acid,Q,Backbone,PEPTIDE,H,OH,-,CN[C@H](C=O)CCC(=O)NS(C)(=O)=O,Q{nnm:N5-Mesyl},CS(=O)(=O)NC(=O)CC[C@H](N[*])C([*])=O |$;;;;;;;;;;;_R1;;_R2;$|
144,R,6322,H-Arg-OH,Arginine,(2S)-2-amino-5-(diaminomethylideneamino)pentanoic acid,R,Backbone,PEPTIDE,H,OH,-,CN[C@H](C=O)CCCNC(=N)N,R,NC(=N)NCCC[C@H](N[*])C([*])=O |$;;;;;;;;;_R1;;_R2;$|
145,dR,71070,H-D-Arg-OH,D-arginine,(2R)-2-amino-5-(diaminomethylideneamino)pentanoic acid,R,Backbone,PEPTIDE,H,OH,-,CN[C@@H](C=O)CCCNC(=N)N,R{d},NC(=N)NCCC[C@@H](N[*])C([*])=O |$;;;;;;;;;_R1;;_R2;$|
146,"Arg(Me,Me)",169148,"H-Arg(Me,Me)-OH","N3,N4-dimethylarginine","(2S)-2-amino-5-[(N,N'-dimethylcarbamimidoyl)amino]pentanoic acid",R,Backbone,PEPTIDE,H,OH,-,C/N=C(\NC)NCCC[C@@H](C=O)NC,"R{nnm:N3,N4-dimethyl}",C/N=C(\NC)NCCC[C@H](N[*])C([*])=O |$;;;;;;;;;;;_R1;;_R2;$|
147,S,5951,H-Ser-OH,Serine,(2S)-2-amino-3-hydroxypropanoic acid,S,Backbone,PEPTIDE,H,OH,-,CN[C@H](C=O)CO,S,OC[C@H](N[*])C([*])=O |$;;;;_R1;;_R2;$|
148,dS,71077,H-D-Ser-OH,D-serine,(2R)-2-amino-3-hydroxypropanoic acid,S,Backbone,PEPTIDE,H,OH,-,CN[C@@H](C=O)CO,S{d},OC[C@@H](N[*])C([*])=O |$;;;;_R1;;_R2;$|
149,meS,7009640,Me-Ser-OH,N-methyl-L-serine,(2S)-3-hydroxy-2-(methylamino)propanoic acid,S,Backbone,PEPTIDE,H,OH,-,CN(C)[C@H](C=O)CO,S{nnm:N-Methyl},CN([*])[C@@H](CO)C([*])=O |$;;_R1;;;;;_R2;$|
150,Ser(Ac),99478,H-Ser(Ac)-OH,O-acetyl-L-serine,(2S)-3-acetyloxy-2-aminopropanoic acid,S,Backbone,PEPTIDE,H,OH,-,CN[C@H](C=O)COC(C)=O,S{nnm:O-Acetyl},CC(=O)OC[C@H](N[*])C([*])=O |$;;;;;;;_R1;;_R2;$|
151,Ser(Bn),78457,H-Ser(Bn)-OH,O-benzyl-L-serine,(2S)-2-amino-3-phenylmethoxypropanoic acid,S,Backbone,PEPTIDE,H,OH,-,CN[C@H](C=O)COCc1ccccc1,S{nnm:O-Benzyl},[*]N[C@@H](COCc1ccccc1)C([*])=O |$_R1;;;;;;;;;;;;;_R2;$|
152,Ser(EtNMe2),146517980,H-Ser(EtNMe2)-OH,O-(2-dimethylaminoethyl)-L-serine,(2S)-2-amino-3-[2-(dimethylamino)ethoxy]propanoic acid,S,Backbone,PEPTIDE,H,OH,-,CN[C@H](C=O)COCCN(C)C,S{nnm:O-(2-dimethylaminoethyl)},CN(C)CCOC[C@H](N[*])C([*])=O |$;;;;;;;;;_R1;;_R2;$|
153,Ser(EtOH),12982259,H-Ser(EtOH)-OH,O-(2-hydroxyethyl)-L-serine,(2S)-2-amino-3-(2-hydroxyethoxy)propanoic acid,S,Backbone,PEPTIDE,H,OH,-,CN[C@H](C=O)COCCO,S{nnm:O-(2-hydroxyethyl)},[*]N[C@@H](COCCO)C([*])=O |$_R1;;;;;;;;;_R2;$|
154,Ser(isoamyl),139681666,H-Ser(isoamyl)-OH,O-(3-methylbutyl)-L-serine,(2S)-2-amino-3-(3-methylbutoxy)propanoic acid,S,Backbone,PEPTIDE,H,OH,-,CN[C@H](C=O)COCCC(C)C,S{nnm:O-(3-methylbutyl)},CC(C)CCOC[C@H](N[*])C([*])=O |$;;;;;;;;;_R1;;_R2;$|
155,Ser(Me),88250,H-Ser(Me)-OH,O-methyl-L-serine,(2S)-2-amino-3-methoxypropanoic acid,S,Backbone,PEPTIDE,H,OH,-,CN[C@H](C=O)COC,S{nnm:O-methyl},COC[C@H](N[*])C([*])=O |$;;;;;_R1;;_R2;$|
156,dSer(Me),88251,H-D-Ser(Me)-OH,O-methyl-D-serine,(2R)-2-amino-3-methoxypropanoic acid,S,Backbone,PEPTIDE,H,OH,-,CN[C@@H](C=O)COC,S{d}{nnm:O-methyl},COC[C@@H](N[*])C([*])=O |$;;;;;_R1;;_R2;$|
157,Ser(Ph(2-Cl)),142490742,H-Ser(Ph(2-Cl))-OH,O-(2-chlorophenyl)-L-serine,(2S)-2-amino-3-(2-chlorophenoxy)propanoic acid,S,Backbone,PEPTIDE,H,OH,-,CN[C@H](C=O)COc1ccccc1Cl,S{nnm:O-(2-chlorophenyl)},[*]N[C@@H](COc1ccccc1Cl)C([*])=O |$_R1;;;;;;;;;;;;;_R2;$|
158,Ser(Ph(3-Cl)),57134621,H-Ser(Ph(3-Cl))-OH,O-(3-chlorophenyl)-L-serine,(2S)-2-amino-3-(3-chlorophenoxy)propanoic acid,S,Backbone,PEPTIDE,H,OH,-,CN[C@H](C=O)COc1cccc(Cl)c1,S{nnm:O-(3-chlorophenyl)},[*]N[C@@H](COc1cccc(Cl)c1)C([*])=O |$_R1;;;;;;;;;;;;;_R2;$|
159,Ser(Pr),54515073,H-Ser(Pr)-OH,O-propyl-L-serine,(2S)-2-amino-3-propoxypropanoic acid,S,Backbone,PEPTIDE,H,OH,-,CCCOC[C@@H](C=O)NC,S{nnm:O-Propyl},CCCOC[C@H](N[*])C([*])=O |$;;;;;;;_R1;;_R2;$|
160,Ser(tBu),7004940,H-Ser(tBu)-OH,O-tert-butyl-L-serine,(2S)-2-amino-3-[(2-methylpropan-2-yl)oxy]propanoic acid,S,Backbone,PEPTIDE,H,OH,-,CN[C@H](C=O)COC(C)(C)C,S{nnm:O-tert-butyl},CC(C)(C)OC[C@H](N[*])C([*])=O |$;;;;;;;;_R1;;_R2;$|
161,Me_Ser(isoamyl),142490909,Me-Ser(isoamyl)-OH,N-methyl-O-(3-methylbutyl)-L-serine,(2S)-2-(methylamino)-3-(3-methylbutoxy)propanoic acid,S,Backbone,PEPTIDE,H,OH,-,CC(C)CCOC[C@@H](C=O)N(C)C,S{nnm:N-Methyl-O-(3-methylbutyl)},CC(C)CCOC[C@@H](C([*])=O)N(C)[*] |$;;;;;;;;;_R2;;;;_R1$|
162,Me_Ser(Pr),142490785,Me-Ser(Pr)-OH,N-methyl-O-propyl-L-serine,(2S)-2-(methylamino)-3-propoxypropanoic acid,S,Backbone,PEPTIDE,H,OH,-,CCCOC[C@@H](C=O)N(C)C,S{nnm:N-Methyl-O-Propyl},CCCOC[C@@H](C([*])=O)N(C)[*] |$;;;;;;;_R2;;;;_R1$|
163,Sar,1088,H-Sar-OH,Sarcosine,2-(methylamino)acetic acid,G,Backbone,PEPTIDE,H,OH,-,CN(C)CC=O,{nnr:Sar},CN([*])CC([*])=O |$;;_R1;;;_R2;$|
164,Sta,123915,H-Sta-OH,Statine,"(3S,4S)-4-amino-3-hydroxy-6-methylheptanoic acid",X,Backbone,PEPTIDE,H,OH,-,CN[C@@H](CC(C)C)[C@@H](O)CC=O,{nnr:Sta},CC(C)C[C@H](N[*])[C@@H](O)CC([*])=O |$;;;;;;_R1;;;;;_R2;$|
165,"Sta(3R,4R)",10910087,"H-Sta(3R,4R)-OH",N.D,"(3R,4R)-4-amino-3-hydroxy-6-methylheptanoic acid",X,Backbone,PEPTIDE,H,OH,-,CN[C@H](CC(C)C)[C@H](O)CC=O,"{nnr:Sta(3R,4R)}",CC(C)C[C@@H](N[*])[C@H](O)CC([*])=O |$;;;;;;_R1;;;;;_R2;$|
166,T,6288,H-Thr-OH,Threonine,"(2S,3R)-2-amino-3-hydroxybutanoic acid",T,Backbone,PEPTIDE,H,OH,H,CN[C@H](C=O)[C@@H](C)OC,T,C[C@@H](O[*])[C@H](N[*])C([*])=O |$;;;_R3;;;_R1;;_R2;$|
167,dT,69435,H-D-Thr-OH,D-threonine,"(2R,3S)-2-amino-3-hydroxybutanoic acid",T,Backbone,PEPTIDE,H,OH,-,CN[C@@H](C=O)[C@H](C)O,T{d},C[C@H](O)[C@@H](N[*])C([*])=O |$;;;;;_R1;;_R2;$|
168,meT,7010355,Me-Thr-OH,N-methyl-L-threonine,"(2S,3R)-3-hydroxy-2-(methylamino)butanoic acid",T,Backbone,PEPTIDE,H,OH,-,C[C@@H](O)[C@@H](C=O)N(C)C,T{nnm:N-Methyl},C[C@@H](O)[C@H](N(C)[*])C([*])=O |$;;;;;;_R1;;_R2;$|
169,Me_Bmt(E),11769539,Me-Bmt(E)-OH,N-methyl-(4R)-4-[(E)-but-2-enyl]-4-methyl-L-threonine,"(E,2S,3R,4R)-3-hydroxy-4-methyl-2-(methylamino)oct-6-enoic acid",T,Backbone,PEPTIDE,H,OH,H,C/C=C/C[C@@H](C)[C@@H](OC)[C@@H](C=O)N(C)C,{nnr:Mebmt},C/C=C/C[C@@H](C)[C@@H](O[*])[C@@H](C([*])=O)N(C)[*] |$;;;;;;;;_R3;;;_R2;;;;_R1$|
170,Tle,164608,H-Gly(tBu)-OH,2-tert-butyl-L-glycine,"(2S)-2-amino-3,3-dimethylbutanoic acid",G,Backbone,PEPTIDE,H,OH,-,CN[C@H](C=O)C(C)(C)C,G{nnm:2-Tert-Butyl},CC(C)(C)[C@H](N[*])C([*])=O |$;;;;;;_R1;;_R2;$|
171,Tza,2761495,H-Tza-OH,Thiazolylalanine,"(2S)-2-amino-3-(1,3-thiazol-4-yl)propanoic acid",A,Backbone,PEPTIDE,H,OH,-,CN[C@H](C=O)Cc1cscn1,{nnr:Tza},[*]N[C@@H](Cc1cscn1)C([*])=O |$_R1;;;;;;;;;;_R2;$|
172,Me_Tza,54308736,Me-Tza-OH,N-methyl-L-thiazolylalanine,"(2S)-2-(methylamino)-3-(1,3-thiazol-4-yl)propanoic acid",A,Backbone,PEPTIDE,H,OH,-,CN(C)[C@H](C=O)Cc1cscn1,{nnr:Me-Tza},CN([*])[C@@H](Cc1cscn1)C([*])=O |$;;_R1;;;;;;;;;_R2;$|
173,V,6287,H-Val-OH,Valine,(2S)-2-amino-3-methylbutanoic acid,V,Backbone,PEPTIDE,H,OH,-,CN[C@H](C=O)C(C)C,V,CC(C)[C@H](N[*])C([*])=O |$;;;;;_R1;;_R2;$|
174,dV,71563,H-D-Val-OH,D-valine,(2R)-2-amino-3-methylbutanoic acid,V,Backbone,PEPTIDE,H,OH,-,CN[C@@H](C=O)C(C)C,V{d},CC(C)[C@@H](N[*])C([*])=O |$;;;;;_R1;;_R2;$|
175,meV,444080,Me-Val-OH,N-methyl-L-valine,(2S)-3-methyl-2-(methylamino)butanoic acid,V,Backbone,PEPTIDE,H,OH,-,CC(C)[C@@H](C=O)N(C)C,V{nnm:N-Methyl},CC(C)[C@H](N(C)[*])C([*])=O |$;;;;;;_R1;;_R2;$|
176,Me_dV,6951143,Me-D-Val-OH,N-methyl-D-valine,(2R)-3-methyl-2-(methylamino)butanoic acid,V,Backbone,PEPTIDE,H,OH,-,CC(C)[C@H](C=O)N(C)C,V{d}{nnm:N-Methyl},CC(C)[C@@H](N(C)[*])C([*])=O |$;;;;;;_R1;;_R2;$|
177,(N->O)Val,853180,N.D,N.D,(2S)-2-hydroxy-3-methylbutanoic acid,V,Backbone,PEPTIDE,H,OH,-,CO[C@H](C=O)C(C)C,{nnr:(N->O)Val},CC(C)[C@H](O[*])C([*])=O |$;;;;;_R1;;_R2;$|
178,d(N->O)Val,5289545,N.D,N.D,(2R)-2-hydroxy-3-methylbutanoic acid,V,Backbone,PEPTIDE,H,OH,-,CO[C@@H](C=O)C(C)C,{nnr:d(N->O)Val},CC(C)[C@@H](O[*])C([*])=O |$;;;;;_R1;;_R2;$|
179,(N->O)Val(3-OH),53973411,N.D,N.D,"(2S)-2,3-dihydroxy-3-methylbutanoic acid",V,Backbone,PEPTIDE,H,OH,-,CO[C@H](C=O)C(C)(C)O,{nnr:(N->O)Val(3-OH)},CC(C)(O)[C@H](O[*])C([*])=O |$;;;;;;_R1;;_R2;$|
180,W,6305,H-Trp-OH,Tryptophan,(2S)-2-amino-3-(1H-indol-3-yl)propanoic acid,W,Backbone,PEPTIDE,H,OH,-,CN[C@H](C=O)Cc1c[nH]c2ccccc12,W,[*]N[C@@H](Cc1c[nH]c2ccccc12)C([*])=O |$_R1;;;;;;;;;;;;;;_R2;$|
181,meW,160511,Me-Trp-OH,N-methyl-L-tryptophan,(2S)-3-(1H-indol-3-yl)-2-(methylamino)propanoic acid,W,Backbone,PEPTIDE,H,OH,-,CN(C)[C@H](C=O)Cc1c[nH]c2ccccc12,W{nnm:N-Methyl},CN([*])[C@@H](Cc1c[nH]c2ccccc12)C([*])=O |$;;_R1;;;;;;;;;;;;;_R2;$|
182,Me_dW,688254,Me-D-Trp-OH,N-methyl-D-tryptophan,(2R)-3-(1H-indol-3-yl)-2-(methylamino)propanoic acid,W,Backbone,PEPTIDE,H,OH,-,CN(C)[C@@H](C=O)Cc1c[nH]c2ccccc12,W{d}{nnm:N-Methyl},CN([*])[C@H](Cc1c[nH]c2ccccc12)C([*])=O |$;;_R1;;;;;;;;;;;;;_R2;$|
183,Trp(5-Br),644329,H-Trp(5-Br)-OH,5-bromo-L-tryptophan,(2S)-2-amino-3-(5-bromo-1H-indol-3-yl)propanoic acid,W,Backbone,PEPTIDE,H,OH,-,CN[C@H](C=O)Cc1c[nH]c2ccc(Br)cc12,W{nnm:5-Bromo},[*]N[C@@H](Cc1c[nH]c2ccc(Br)cc12)C([*])=O |$_R1;;;;;;;;;;;;;;;_R2;$|
184,Trp(6-Br),9856996,H-Trp(6-Br)-OH,6-bromo-L-tryptophan,(2S)-2-amino-3-(6-bromo-1H-indol-3-yl)propanoic acid,W,Backbone,PEPTIDE,H,OH,-,CN[C@H](C=O)Cc1c[nH]c2cc(Br)ccc12,W{nnm:6-Bromo},[*]N[C@@H](Cc1c[nH]c2cc(Br)ccc12)C([*])=O |$_R1;;;;;;;;;;;;;;;_R2;$|
185,Trp(7-Br),11737641,H-Trp(7-Br)-OH,7-bromo-L-tryptophan,(2S)-2-amino-3-(7-bromo-1H-indol-3-yl)propanoic acid,W,Backbone,PEPTIDE,H,OH,-,CN[C@H](C=O)Cc1c[nH]c2c(Br)cccc12,W{nnm:7-Bromo},[*]N[C@@H](Cc1c[nH]c2c(Br)cccc12)C([*])=O |$_R1;;;;;;;;;;;;;;;_R2;$|
186,Y,6057,H-Tyr-OH,Tyrosine,(2S)-2-amino-3-(4-hydroxyphenyl)propanoic acid,Y,Backbone,PEPTIDE,H,OH,-,CN[C@H](C=O)Cc1ccc(O)cc1,Y,Oc1ccc(C[C@H](N[*])C([*])=O)cc1 |$;;;;;;;;_R1;;_R2;;;$|
187,dY,71098,H-D-Tyr-OH,D-tyrosine,(2R)-2-amino-3-(4-hydroxyphenyl)propanoic acid,Y,Backbone,PEPTIDE,H,OH,-,CN[C@@H](C=O)Cc1ccc(O)cc1,Y{d},Oc1ccc(C[C@@H](N[*])C([*])=O)cc1 |$;;;;;;;;_R1;;_R2;;;$|
188,meY,68309,Me-Tyr-OH,N-methyl-L-tyrosine,(2S)-3-(4-hydroxyphenyl)-2-(methylamino)propanoic acid,Y,Backbone,PEPTIDE,H,OH,-,CN(C)[C@H](C=O)Cc1ccc(O)cc1,Y{nnm:N-Methyl},CN([*])[C@@H](Cc1ccc(O)cc1)C([*])=O |$;;_R1;;;;;;;;;;;_R2;$|
189,Me_dY,7010357,Me-D-Tyr-OH,N-methyl-D-tyrosine,(2R)-3-(4-hydroxyphenyl)-2-(methylamino)propanoic acid,Y,Backbone,PEPTIDE,H,OH,-,CN(C)[C@@H](C=O)Cc1ccc(O)cc1,Y{d}{nnm:N-Methyl},CN([*])[C@H](Cc1ccc(O)cc1)C([*])=O |$;;_R1;;;;;;;;;;;_R2;$|
190,Tyr(3-F),643330,H-Tyr(3-F)-OH,3-fluoro-L-tyrosine,(2S)-2-amino-3-(3-fluoro-4-hydroxyphenyl)propanoic acid,Y,Backbone,PEPTIDE,H,OH,-,CN[C@H](C=O)Cc1ccc(O)c(F)c1,Y{nnm:3-Fluoro},[*]N[C@@H](Cc1ccc(O)c(F)c1)C([*])=O |$_R1;;;;;;;;;;;;;_R2;$|
191,Tyr(CHF2),2341916,H-Tyr(CHF2)-OH,O4-(difluoromethyl)-L-tyrosine,(2S)-2-amino-3-[4-(difluoromethoxy)phenyl]propanoic acid,Y,Backbone,PEPTIDE,H,OH,-,CN[C@H](C=O)Cc1ccc(OC(F)F)cc1,Y{nnm:O4-(difluoromethyl)},[*]N[C@@H](Cc1ccc(OC(F)F)cc1)C([*])=O |$_R1;;;;;;;;;;;;;;;_R2;$|
192,Tyr(Me),2723935,H-Tyr(Me)-OH,O-methyl-L-tyrosine,(2S)-2-amino-3-(4-methoxyphenyl)propanoic acid,Y,Backbone,PEPTIDE,H,OH,-,CN[C@H](C=O)Cc1ccc(OC)cc1,Y{nnm:O-Methyl},COc1ccc(C[C@H](N[*])C([*])=O)cc1 |$;;;;;;;;;_R1;;_R2;;;$|
193,Me_Tyr(Me),7010618,Me-Tyr(Me)-OH,N-methyl-O4-methyl-L-tyrosine,(2S)-3-(4-methoxyphenyl)-2-(methylamino)propanoic acid,Y,Backbone,PEPTIDE,H,OH,-,COc1ccc(C[C@@H](C=O)N(C)C)cc1,Y{nnm:N-Methyl-O4-Methyl},COc1ccc(C[C@H](N(C)[*])C([*])=O)cc1 |$;;;;;;;;;;_R1;;_R2;;;$|
194,dTyr(bR-OMe),90821363,H-D-Tyr(bR-OMe)-OH,(betaR)-beta-methoxy-D-tyrosine,"(2R,3R)-2-amino-3-(4-hydroxyphenyl)-3-methoxypropanoic acid",Y,Backbone,PEPTIDE,H,OH,-,CN[C@@H](C=O)[C@H](OC)c1ccc(O)cc1,{nnr:D-Tyr(bR-OMe)},CO[C@H](c1ccc(O)cc1)[C@@H](N[*])C([*])=O |$;;;;;;;;;;;;_R1;;_R2;$|
195,(N->O)Tyr,9920545,N.D,N.D,(2S)-2-hydroxy-3-(4-hydroxyphenyl)propanoic acid,Y,Backbone,PEPTIDE,H,OH,-,CO[C@H](C=O)Cc1ccc(O)cc1,{nnr:(N->O)Tyr},[*]O[C@@H](Cc1ccc(O)cc1)C([*])=O |$_R1;;;;;;;;;;;;_R2;$|
196,Mono1,19437364,N.D,N-piperonyl glycine,"2-(1,3-benzodioxol-5-ylmethylamino)acetic acid",G,Backbone,PEPTIDE,H,OH,-,CN(CC=O)Cc1ccc2c(c1)OCO2,{nnr:Mono1},[*]N(CC([*])=O)Cc1ccc2OCOc2c1 |$_R1;;;;_R2;;;;;;;;;;;$|
197,Mono2,2724879,N.D,3beta-methyl-L-proline,"(2S,3S)-3-methylpyrrolidine-2-carboxylic acid",P,Backbone,PEPTIDE,H,OH,-,C[C@H]1CCN(C)[C@@H]1C=O,{nnr:Mono2},C[C@H]1CCN([*])[C@@H]1C([*])=O |$;;;;;_R1;;;_R2;$|
198,Mono3,N.D,N.D,N.D,(2S)-2-(methylamino)-4-piperidin-1-ylbutanoic acid,X,Backbone,PEPTIDE,H,OH,-,CN(C)[C@H](C=O)CCN1CCCCC1,{nnr:Mono3},CN([*])[C@@H](CCN1CCCCC1)C([*])=O |$;;_R1;;;;;;;;;;;_R2;$|
199,Mono4,N.D,N.D,N.D,(2S)-2-(methylamino)-4-oxo-4-piperidin-1-ylbutanoic acid,N,Backbone,PEPTIDE,H,OH,-,CN(C)[C@H](C=O)CC(=O)N1CCCCC1,{nnr:Mono4},CN([*])[C@@H](CC(=O)N1CCCCC1)C([*])=O |$;;_R1;;;;;;;;;;;;_R2;$|
200,Mono5,N.D,N.D,N.D,(2S)-2-(methylamino)-4-morpholin-4-yl-4-oxobutanoic acid,N,Backbone,PEPTIDE,H,OH,-,CN(C)[C@H](C=O)CC(=O)N1CCOCC1,[nnr:Mono5},CN([*])[C@@H](CC(=O)N1CCOCC1)C([*])=O |$;;_R1;;;;;;;;;;;;_R2;$|
201,Mono6,70703,N.D,N.D,4-(methylamino)butanoic acid,X,Backbone,PEPTIDE,H,OH,-,CN(C)CCCC=O,{nnr:Mono6},CN([*])CCCC([*])=O |$;;_R1;;;;;_R2;$|
202,Bal(3-Me),2761506,H-bAla(3S-Me)-OH,L-3-aminobutyric acid,(3S)-3-aminobutanoic acid,A,Backbone,PEPTIDE,H,OH,-,CN[C@@H](C)CC=O,{nnr:bAla(3S-Me)},C[C@@H](CC([*])=O)N[*] |$;;;;_R2;;;_R1$|
203,Bal(d3-CF3),1549686,H-bAla(3R-CF3)-OH,(3R)-3-(trifluoromethyl)-beta-alanine,"(3S)-3-amino-4,4,4-trifluorobutanoic acid",A,Backbone,PEPTIDE,H,OH,-,CN[C@@H](CC=O)C(F)(F)F,{nnr:bAla(3R-CF3)},[*]N[C@@H](CC([*])=O)C(F)(F)F |$_R1;;;;;_R2;;;;;$|
204,Mono9,122466734,N.D,N.D,4-[4-[(2S)-2-amino-2-carboxyethyl]phenyl]pent-4-enoic acid,F,Backbone,PEPTIDE,H,OH,OH,C=C(CCC=O)c1ccc(C[C@@H](C=O)NC)cc1,{nnr:Mono9},C=C(CCC([*])=O)c1ccc(C[C@H](N[*])C([*])=O)cc1 |$;;;;;_R3;;;;;;;;;_R1;;_R2;;;$|
205,Mono10,122466733,N.D,N.D,4-[3-[(2S)-2-amino-2-carboxyethyl]phenyl]pent-4-enoic acid,F,Backbone,PEPTIDE,H,OH,OH,C=C(CCC=O)c1cccc(C[C@@H](C=O)NC)c1,{nnr:Mono10},C=C(CCC([*])=O)c1cccc(C[C@H](N[*])C([*])=O)c1 |$;;;;;_R3;;;;;;;;;;_R1;;_R2;;$|
206,Mono11,122466735,N.D,N.D,6-[4-[(2S)-2-amino-2-carboxyethyl]phenyl]hexanoic acid,F,Backbone,PEPTIDE,H,OH,OH,CN[C@H](C=O)Cc1ccc(CCCCCC=O)cc1,{nnr:Mono11},[*]N[C@@H](Cc1ccc(CCCCCC([*])=O)cc1)C([*])=O |$_R1;;;;;;;;;;;;;;_R3;;;;;_R2;$|
207,Mono12,122466736,N.D,N.D,5-[3-[(2S)-2-amino-2-carboxyethyl]phenyl]pentanoic acid,F,Backbone,PEPTIDE,H,OH,OH,CN[C@H](C=O)Cc1cccc(CCCCC=O)c1,{nnr:Mono12},[*]N[C@@H](Cc1cccc(CCCCC([*])=O)c1)C([*])=O |$_R1;;;;;;;;;;;;;;_R3;;;;_R2;$|
208,Mono13,138461685,N.D,N.D,"(2S)-1-[(2S,3S)-3-amino-1-(tert-butylamino)-1-oxobutan-2-yl]pyrrolidine-2-carboxylic acid",P,Backbone,PEPTIDE,H,OH,-,CN[C@@H](C)[C@@H](C(=O)NC(C)(C)C)N1CCC[C@H]1C=O,{nnr:Mono13},C[C@H](N[*])[C@@H](C(=O)NC(C)(C)C)N1CCC[C@H]1C([*])=O |$;;;_R1;;;;;;;;;;;;;;;_R2;$|
209,Mono14,N.D,N.D,N.D,"2-[(1S,2R)-1-amino-2-methylbutyl]-4H-1,3-thiazole-4-carboxylic acid",X,Backbone,PEPTIDE,H,OH,-,CC[C@@H](C)[C@H](NC)c1nc(C=O)cs1,{nnr:Mono14},CC[C@@H](C)[C@H](N[*])c1nc(C([*])=O)cs1 |$;;;;;;_R1;;;;;_R2;;;$|
210,Mono15,N.D,N.D,N.D,"(E,2S,3R,4R)-4-methyl-2-(methylamino)-3-(1-oxoethoxy)oct-6-enoic acid",T,Backbone,PEPTIDE,H,OH,-,C/C=C/C[C@@H](C)[C@@H](OC(C)=O)[C@@H](C=O)N(C)C,{nnr:Mono15},C/C=C/C[C@@H](C)[C@@H](OC(C)=O)[C@@H](C([*])=O)N(C)[*] |$;;;;;;;;;;;;;_R2;;;;_R1$|
211,Mono16,N.D,N.D,N.D,"(2R)-5-chloropentane-1,2,4-triol",X,Backbone,PEPTIDE,H,OH,-,CO[C@@H](C=O)CC(O)CCl,{nnr:Mono16},[*]O[C@H](CC(O)CCl)C([*])=O |$_R1;;;;;;;;;_R2;$|
212,Mono17,11298223,N.D,N.D,"2-[(1R)-1-aminoethyl]-1,3-thiazole-4-carboxylic acid",X,Backbone,PEPTIDE,H,OH,-,CN[C@H](C)c1nc(C=O)cs1,{nnr:Mono17},C[C@@H](N[*])c1nc(C([*])=O)cs1 |$;;;_R1;;;;;_R2;;;$|
213,Mono18,N.D,N.D,N.D,"(4S,5R)-2-[(1S,2S)-1-amino-2-methylbutyl]-4,5-dihydro-1,3-oxazole-4-carboxylic acid",X,Backbone,PEPTIDE,H,OH,-,CC[C@H](C)[C@H](NC)C1=N[C@H](C=O)[C@@H](C)O1,{nnr:Mono18},CC[C@H](C)[C@H](N[*])C1=N[C@H](C([*])=O)[C@@H](C)O1 |$;;;;;;_R1;;;;;_R2;;;;$|
214,Mono19,96695793,N.D,N.D,"2-[(1R)-1-amino-2-phenylethyl]-1,3-thiazole-4-carboxylic acid",X,Backbone,PEPTIDE,H,OH,-,CN[C@H](Cc1ccccc1)c1nc(C=O)cs1,{nnr:Mono19},[*]N[C@H](Cc1ccccc1)c1nc(C([*])=O)cs1 |$_R1;;;;;;;;;;;;;;_R2;;;$|
215,Mono20,11095637,N.D,N.D,"(4S,5R)-2-[(1S)-1-amino-2-methylpropyl]-5-methyl-4,5-dihydro-1,3-oxazole-4-carboxylic acid",X,Backbone,PEPTIDE,H,OH,-,CN[C@H](C1=N[C@H](C=O)[C@@H](C)O1)C(C)C,{nnr:Mono20},CC(C)[C@H](N[*])C1=N[C@H](C([*])=O)[C@@H](C)O1 |$;;;;;_R1;;;;;_R2;;;;$|
216,Mono23,11073394,N.D,N.D,"(2S,3R)-2,3-diaminobutanoic acid",X,Backbone,PEPTIDE,H,OH,-,CN[C@H](C=O)[C@@H](C)N,{nnr:Mono23},C[C@@H](N)[C@H](N[*])C([*])=O |$;;;;;_R1;;_R2;$|
217,Mono24,15604673,N.D,N.D,"(2S,3S,4R)-2,5-diamino-3,4-dimethyl-5-oxopentanoic acid",Q,Backbone,PEPTIDE,H,OH,-,CN[C@H](C=O)[C@@H](C)[C@@H](C)C(N)=O,{nnr:Mono24},C[C@H]([C@H](N[*])C([*])=O)[C@@H](C)C(N)=O |$;;;;_R1;;_R2;;;;;;$|
218,Mono25,N.D,N.D,N.D,"[(2S,4S)-4-chloropiperidin-2-yl]methanol",X,Backbone,PEPTIDE,H,OH,-,CN1CC[C@H](Cl)C[C@H]1C=O,{nnr:Mono25},[*]N1CC[C@H](Cl)C[C@H]1C([*])=O |$_R1;;;;;;;;;_R2;$|
219,Mono26,14428565,N.D,Isostatine,"(3S,4R,5S)-4-amino-3-hydroxy-5-methylheptanoic acid",I,Backbone,PEPTIDE,H,OH,-,CC[C@H](C)[C@@H](NC)[C@@H](O)CC=O,{nnr:isostatine},CC[C@H](C)[C@@H](N[*])[C@@H](O)CC([*])=O |$;;;;;;_R1;;;;;_R2;$|
220,Mono27,49867110,N.D,N.D,"(2S,4S)-4-hydroxy-2,5-dimethyl-3-oxohexanoic acid",V,Backbone,PEPTIDE,H,OH,-,CO[C@H](C(=O)[C@H](C)C=O)C(C)C,{nnr:Mono27},CC(C)[C@H](O[*])C(=O)[C@H](C)C([*])=O |$;;;;;_R1;;;;;;_R2;$|
221,Mono28,N.D,N.D,N.D,"(E,4S)-4-amino-2,6-dimethylhept-2-enoic acid",X,Backbone,PEPTIDE,H,OH,-,CN[C@H](/C=C(\C)C=O)CC(C)C,{nnr:Mono28},C/C(=C\[C@H](CC(C)C)N[*])C([*])=O |$;;;;;;;;;_R1;;_R2;$|
222,Mono29,N.D,N.D,N.D,"(E,4R)-4-amino-2,6-dimethylhept-2-enoic acid",X,Backbone,PEPTIDE,H,OH,-,CN[C@@H](/C=C(\C)C=O)CC(C)C,{nnr:Mono29},C/C(=C\[C@@H](CC(C)C)N[*])C([*])=O |$;;;;;;;;;_R1;;_R2;$|
223,Mono30,10656268,N.D,N.D,"2-[(1S)-1-amino-3-methylbutyl]-1,3-thiazole-4-carboxylic acid",X,Backbone,PEPTIDE,H,OH,-,CN[C@@H](CC(C)C)c1nc(C=O)cs1,{nnr:Mono30},CC(C)C[C@H](N[*])c1nc(C([*])=O)cs1 |$;;;;;;_R1;;;;;_R2;;;$|
224,Mono31,53902398,N.D,N.D,"2-[(1S)-1-amino-2-methylpropyl]-1,3-thiazole-4-carboxylic acid",X,Backbone,PEPTIDE,H,OH,-,CN[C@H](c1nc(C=O)cs1)C(C)C,{nnr:Mono31},CC(C)[C@H](N[*])c1nc(C([*])=O)cs1 |$;;;;;_R1;;;;;_R2;;;$|
225,Mono32,13236065,N.D,N-{[3-(trifluoromethyl)phenyl]methyl}glycine,2-[[3-(trifluoromethyl)phenyl]methylamino]acetic acid,G,Backbone,PEPTIDE,H,OH,-,CN(CC=O)Cc1cccc(C(F)(F)F)c1,{nnr:Mono32},[*]N(CC([*])=O)Cc1cccc(C(F)(F)F)c1 |$_R1;;;;_R2;;;;;;;;;;;;$|
226,Mono33,N.D,N.D,N.D,2-(morpholin-4-ylmethylamino)ethanol,G,Backbone,PEPTIDE,H,OH,-,CN(CC=O)CN1CCOCC1,{nnr:Mono33},[*]N(CC([*])=O)CN1CCOCC1 |$_R1;;;;_R2;;;;;;;;$|
227,Mono34,54503494,N.D,N.D,2-(3-propan-2-yloxypropylamino)acetic acid,G,Backbone,PEPTIDE,H,OH,-,CC(C)OCCCN(C)CC=O,{nnr:Mono34},CC(C)OCCCN([*])CC([*])=O |$;;;;;;;;_R1;;;_R2;$|
228,Mono35,N.D,N.D,N.D,"(2S)-1-[(1R)-1-[5-[(1S)-1-amino-2-phenylethyl]-1,3,4-oxadiazol-2-yl]propyl]pyrrolidine-2-carboxylic acid",X,Backbone,PEPTIDE,H,OH,-,CC[C@H](c1nnc([C@H](Cc2ccccc2)NC)o1)N1CCC[C@H]1C=O,{nnr:Mono35},CC[C@H](c1nnc([C@H](Cc2ccccc2)N[*])o1)N1CCC[C@H]1C([*])=O |$;;;;;;;;;;;;;;;;_R1;;;;;;;;_R2;$|
229,Mono36,N.D,N.D,N.D,"(2S)-1-[(2R)-1-[5-[(1S)-1-amino-2-phenylethyl]-1,3,4-oxadiazol-2-ylidene]-3-phenylpropan-2-yl]pyrrolidine-2-carboxylic acid",X,Backbone,PEPTIDE,H,OH,-,CN[C@@H](Cc1ccccc1)c1nnc([C@@H](Cc2ccccc2)N2CCC[C@H]2C=O)o1,{nnr:Mono36},[*]N[C@@H](Cc1ccccc1)c1nnc([C@@H](Cc2ccccc2)N2CCC[C@H]2C([*])=O)o1 |$_R1;;;;;;;;;;;;;;;;;;;;;;;;;;;;_R2;;$|
230,Mono37,N.D,N.D,N.D,"(2S)-1-[(1R)-1-[5-[(1S)-1-amino-2-phenylethylidene]-1,3,4-oxadiazol-2-yl]-3-methylbutyl]pyrrolidine-2-carboxylic acid",X,Backbone,PEPTIDE,H,OH,-,CN[C@@H](Cc1ccccc1)c1nnc([C@@H](CC(C)C)N2CCC[C@H]2C=O)o1,{nnr:Mono37},CC(C)C[C@H](c1nnc([C@H](Cc2ccccc2)N[*])o1)N1CCC[C@H]1C([*])=O |$;;;;;;;;;;;;;;;;;;_R1;;;;;;;;_R2;$|
231,Mono38,62387349,N.D,N.D,2-(oxan-4-ylmethylamino)acetic acid,G,Backbone,PEPTIDE,H,OH,-,CN(CC=O)CC1CCOCC1,{nnr:Mono38},[*]N(CC([*])=O)CC1CCOCC1 |$_R1;;;;_R2;;;;;;;;$|
232,Mono39,13236095,N.D,N.D,2-(2-phenoxyethylamino)acetic acid,G,Backbone,PEPTIDE,H,OH,-,CN(CC=O)CCOc1ccccc1,{nnr:Mono39},[*]N(CCOc1ccccc1)CC([*])=O |$_R1;;;;;;;;;;;;;_R2;$|
233,Mono40,N.D,N.D,N.D,2-[3-(1-methylpyrazol-4-yl)propylamino]acetic acid,G,Backbone,PEPTIDE,H,OH,-,CN(CC=O)CCCc1cnn(C)c1,{nnr:Mono40},Cn1cc(CCCN([*])CC([*])=O)cn1 |$;;;;;;;;_R1;;;_R2;;;$|
234,Mono41,129031459,N.D,N.D,2-[3-(2-oxopyrrolidin-1-yl)propylamino]acetic acid,G,Backbone,PEPTIDE,H,OH,-,CN(CC=O)CCCN1CCCC1=O,{nnr:Mono41},[*]N(CCCN1CCCC1=O)CC([*])=O |$_R1;;;;;;;;;;;;;_R2;$|
235,Mono42,28897547,N.D,n-(2-morpholinoethyl)glycine,2-(2-morpholin-4-ylethylamino)acetic acid,G,Backbone,PEPTIDE,H,OH,-,CN(CC=O)CCN1CCOCC1,{nnr:Mono42},[*]N(CCN1CCOCC1)CC([*])=O |$_R1;;;;;;;;;;;;_R2;$|
236,Mono43,10354443,N.D,N.D,2-(4-phenylbutylamino)acetic acid,G,Backbone,PEPTIDE,H,OH,-,CN(CC=O)CCCCc1ccccc1,{nnr:Mono43},[*]N(CCCCc1ccccc1)CC([*])=O |$_R1;;;;;;;;;;;;;;_R2;$|
237,Mono44,N.D,N.D,N.D,2-[[6-(2-methylpropyl)-4H-oxazin-4-yl]methylamino]acetic acid,G,Backbone,PEPTIDE,H,OH,-,CC(C)Cc1cc(CN(C)CC=O)no1,{nnr:Mono44},CC(C)Cc1cc(CN([*])CC([*])=O)no1 |$;;;;;;;;;_R1;;;_R2;;;$|
238,Mono45,N.D,N.D,N.D,2-[[2-(pyrazol-1-ylmethyl)phenyl]methylamino]ethanol,G,Backbone,PEPTIDE,H,OH,-,CN(CC=O)Cc1ccccc1Cn1cccn1,{nnr:Mono45},[*]N(CC([*])=O)Cc1ccccc1Cn1cccn1 |$_R1;;;;_R2;;;;;;;;;;;;;;$|
239,Mono46,N.D,N.D,N.D,"(2S)-1-[(2S,3R)-3-amino-1-(tert-butylamino)-1-oxo-4-phenylsulfanylbutan-2-yl]pyrrolidine-2-carboxylic acid",P,Backbone,PEPTIDE,H,OH,-,CN[C@@H](CSc1ccccc1)[C@@H](C(=O)NC(C)(C)C)N1CCC[C@H]1C=O,{nnr:Mono46},CC(C)(C)NC(=O)[C@H]([C@H](CSc1ccccc1)N[*])N1CCC[C@H]1C([*])=O |$;;;;;;;;;;;;;;;;;;_R1;;;;;;;_R2;$|
240,Mono47,N.D,N.D,N.D,(2S)-1-[(1S)-1-[(2S)-aziridin-2-yl]-2-(tert-butylamino)-2-oxoethyl]pyrrolidine-2-carboxylic acid,P,Backbone,PEPTIDE,H,OH,-,CN1C[C@H]1[C@@H](C(=O)NC(C)(C)C)N1CCC[C@H]1C=O,{nnr:Mono47},CC(C)(C)NC(=O)[C@H]([C@@H]1CN1[*])N1CCC[C@H]1C([*])=O |$;;;;;;;;;;;_R1;;;;;;;_R2;$|
241,Mono48,N.D,N.D,N.D,"2-[3-(2,5-difluorocyclohepta-1,3,6-trien-1-yl)propylamino]ethanol",X,Backbone,PEPTIDE,H,OH,-,CN(CC=O)CCCc1ccc(F)cc1F,{nnr:Mono48},[*]N(CCCc1ccc(F)cc1F)CC([*])=O |$_R1;;;;;;;;;;;;;;;_R2;$|
242,Mono49,142490835,N.D,N.D,(2S)-2-amino-3-[(5-fluoropyridin-3-yl)methoxy]propanoic acid,S,Backbone,PEPTIDE,H,OH,-,CN[C@H](C=O)COCc1cncc(F)c1,{nnr:Mono49},[*]N[C@@H](COCc1cncc(F)c1)C([*])=O |$_R1;;;;;;;;;;;;;;_R2;$|
243,Mono50,142490713,N.D,N.D,"(2S)-2-amino-3-(2,2,3,3-tetrafluoropropoxy)propanoic acid",S,Backbone,PEPTIDE,H,OH,-,CN[C@H](C=O)COCC(F)(F)C(F)F,{nnr:Mono50},[*]N[C@@H](COCC(F)(F)C(F)F)C([*])=O |$_R1;;;;;;;;;;;;;_R2;$|
244,Mono51,N.D,N.D,N.D,"(2S)-4-(3,3-difluorocyclohexyl)-2-(methylamino)butanoic acid",X,Backbone,PEPTIDE,H,OH,-,CN(C)[C@H](C=O)CCC1CCCC(F)(F)C1,{nnr:Mono51},CN([*])[C@@H](CCC1CCCC(F)(F)C1)C([*])=O |$;;_R1;;;;;;;;;;;;;_R2;$|
245,Mono52,N.D,N.D,N.D,"(2S)-4-(4,4-difluorocyclohexyl)-2-(methylamino)butanoic acid",X,Backbone,PEPTIDE,H,OH,-,CN(C)[C@H](C=O)CCC1CCC(F)(F)CC1,{nnr:Mono52},CN([*])[C@@H](CCC1CCC(F)(F)CC1)C([*])=O |$;;_R1;;;;;;;;;;;;;_R2;$|
246,Mono53,96864375,N.D,N.D,(2S)-2-amino-3-[6-(dimethylamino)pyridin-3-yl]propanoic acid,X,Backbone,PEPTIDE,H,OH,-,CN[C@H](C=O)Cc1ccc(N(C)C)nc1,{nnr:Mono53},CN(C)c1ccc(C[C@H](N[*])C([*])=O)cn1 |$;;;;;;;;;;_R1;;_R2;;;$|
247,Mono54,142490702,N.D,N.D,(2S)-2-amino-3-[(2S)-2-hydroxypropoxy]propanoic acid,S,Backbone,PEPTIDE,H,OH,-,CN[C@H](C=O)COC[C@H](C)O,{nnr:Mono54},C[C@H](O)COC[C@H](N[*])C([*])=O |$;;;;;;;;_R1;;_R2;$|
248,Mono55,142490730,N.D,N.D,(2S)-2-amino-3-(2-hydroxy-2-methylpropoxy)propanoic acid,S,Backbone,PEPTIDE,H,OH,-,CN[C@H](C=O)COCC(C)(C)O,{nnr:Mono55},CC(C)(O)COC[C@H](N[*])C([*])=O |$;;;;;;;;;_R1;;_R2;$|
249,Mono56,142490762,N.D,N.D,(2S)-2-amino-3-(3-hydroxy-3-methylbutoxy)propanoic acid,S,Backbone,PEPTIDE,H,OH,-,CN[C@H](C=O)COCCC(C)(C)O,{nnr:Mono56},CC(C)(O)CCOC[C@H](N[*])C([*])=O |$;;;;;;;;;;_R1;;_R2;$|
250,Mono57,142490747,N.D,N.D,(2S)-2-amino-3-[2-(tert-butylamino)-2-oxoethoxy]propanoic acid,S,Backbone,PEPTIDE,H,OH,-,CN[C@H](C=O)COCC(=O)NC(C)(C)C,{nnr:Mono57},CC(C)(C)NC(=O)COC[C@H](N[*])C([*])=O |$;;;;;;;;;;;;_R1;;_R2;$|
251,Mono58,146471778,N.D,N.D,"2-[2-(4,4-difluoropiperidin-1-yl)ethylamino]acetic acid",G,Backbone,PEPTIDE,H,OH,-,CN(CC=O)CCN1CCC(F)(F)CC1,{nnr:Mono58},[*]N(CCN1CCC(F)(F)CC1)CC([*])=O |$_R1;;;;;;;;;;;;;;_R2;$|
252,Mono59,142490917,N.D,N.D,"(2S,4R)-4-(4,4-difluoropiperidin-1-yl)pyrrolidine-2-carboxylic acid",P,Backbone,PEPTIDE,H,OH,-,CN1C[C@H](N2CCC(F)(F)CC2)C[C@H]1C=O,{nnr:Mono59},[*]N1C[C@H](N2CCC(F)(F)CC2)C[C@H]1C([*])=O |$_R1;;;;;;;;;;;;;;;_R2;$|
253,Mono60,142490748,N.D,N.D,"(2S,4S)-4-(4,4-difluoropiperidin-1-yl)pyrrolidine-2-carboxylic acid",P,Backbone,PEPTIDE,H,OH,-,CN1C[C@@H](N2CCC(F)(F)CC2)C[C@H]1C=O,{nnr:Mono60},[*]N1C[C@@H](N2CCC(F)(F)CC2)C[C@H]1C([*])=O |$_R1;;;;;;;;;;;;;;;_R2;$|
254,Mono61,10749495,N.D,N.D,"(2S,3R)-2-Amino-3-hydroxyheptanoic acid",X,Backbone,PEPTIDE,H,OH,-,CCCC[C@@H](O)[C@@H](C=O)NC,{nnr:Mono61},CCCC[C@@H](O)[C@H](N[*])C([*])=O |$;;;;;;;;_R1;;_R2;$|
255,Mono62,142490925,N.D,N.D,(2S)-2-amino-3-(2-morpholin-4-ylethoxy)propanoic acid,S,Backbone,PEPTIDE,H,OH,-,CN[C@H](C=O)COCCN1CCOCC1,{nnr:Mono62},[*]N[C@@H](COCCN1CCOCC1)C([*])=O |$_R1;;;;;;;;;;;;;;_R2;$|
256,Mono63,146471800,N.D,N.D,"(2S)-2-amino-4-(5-oxo-4H-1,2,4-oxadiazol-3-yl)butanoic acid",X,Backbone,PEPTIDE,H,OH,-,CN[C@H](C=O)CCc1noc(=O)[nH]1,{nnr:Mono63},[*]N[C@@H](CCc1noc(=O)[nH]1)C([*])=O |$_R1;;;;;;;;;;;;_R2;$|
257,Mono64,142490727,N.D,N.D,(2S)-2-amino-3-[(2R)-2-hydroxypropoxy]propanoic acid,S,Backbone,PEPTIDE,H,OH,-,CN[C@H](C=O)COC[C@@H](C)O,{nnr:Mono64},C[C@@H](O)COC[C@H](N[*])C([*])=O |$;;;;;;;;_R1;;_R2;$|
258,Mono65,146471483,N.D,N.D,"(2S)-2-amino-7,7,7-trifluoro-6-hydroxyheptanoic acid",X,Backbone,PEPTIDE,H,OH,-,CN[C@H](C=O)CCCC(O)C(F)(F)F,{nnr:Mono65},[*]N[C@@H](CCCC(O)C(F)(F)F)C([*])=O |$_R1;;;;;;;;;;;;;_R2;$|
259,Mono66,142490690,N.D,N.D,"(2S)-2-amino-3-(3,3,3-trifluoro-2-hydroxypropoxy)propanoic acid",S,Backbone,PEPTIDE,H,OH,-,CN[C@H](C=O)COCC(O)C(F)(F)F,{nnr:Mono66},[*]N[C@@H](COCC(O)C(F)(F)F)C([*])=O |$_R1;;;;;;;;;;;;;_R2;$|
260,Mono67,N.D,N.D,N.D,"(E,5S,6S,7R,8S)-5,7-dihydroxy-2,6,8-trimethylundec-2-enoic acid",X,Backbone,PEPTIDE,H,OH,-,CCC[C@H](C)[C@@H](OC)[C@@H](C)[C@@H](O)C/C=C(\C)C=O,{nnr:Mono67},CCC[C@H](C)[C@@H](O[*])[C@@H](C)[C@@H](O)C/C=C(\C)C([*])=O |$;;;;;;;_R1;;;;;;;;;;_R2;$|
261,Mono68,N.D,N.D,N.D,"(E,5S,6R,7R,8S)-7-hydroxy-5-methoxy-2,6,8-trimethylundec-2-enoic acid",X,Backbone,PEPTIDE,H,OH,-,CCC[C@H](C)[C@@H](OC)[C@@H](C)[C@H](C/C=C(\C)C=O)OC,{nnr:Mono68},CCC[C@H](C)[C@@H](O[*])[C@@H](C)[C@H](C/C=C(\C)C([*])=O)OC |$;;;;;;;_R1;;;;;;;;;_R2;;;$|
262,Mono69,N.D,N.D,N.D,"(E,5S,6S,7R,8S)-5-hydroxy-7-methoxy-2,6,8-trimethylundec-2-enoic acid",X,Backbone,PEPTIDE,H,OH,-,CCC[C@H](C)[C@@H](OC)[C@@H](C)[C@H](C/C=C(\C)C=O)OC,{nnr:Mono69},CCC[C@H](C)[C@@H](OC)[C@@H](C)[C@H](C/C=C(\C)C([*])=O)O[*] |$;;;;;;;;;;;;;;;;_R2;;;_R1$|
263,Mono70,87885071,N.D,N.D,"(E,2S,4R)-4-methyl-2-(methylamino)-3-oxooct-6-enoic acid",X,Backbone,PEPTIDE,H,OH,-,C/C=C/C[C@@H](C)C(=O)[C@@H](C=O)N(C)C,{nnr:Mono70},C/C=C/C[C@@H](C)C(=O)[C@@H](C([*])=O)N(C)[*] |$;;;;;;;;;;_R2;;;;_R1$|
264,Mono71,N.D,N.D,N.D,(2S)-2-amino-4-(1-ethoxycarbonyl-4H-pyrimidin-4-yl)butanoic acid,H,Backbone,PEPTIDE,H,OH,-,CCOC(=O)n1cnc(C[C@@H](C=O)NC)c1,{nnr:Mono71},CCOC(=O)n1cnc(C[C@H](N[*])C([*])=O)c1 |$;;;;;;;;;;;;_R1;;_R2;;$|
265,Mono72,N.D,N.D,N.D,(2S)-2-amino-5-[bis(ethoxycarbonyl)amino]-5-oxopentanoic acid,Q,Backbone,PEPTIDE,H,OH,-,CCOC(=O)N(C(=O)CC[C@@H](C=O)NC)C(=O)OCC,{nnr:Mono72},CCOC(=O)N(C(=O)CC[C@H](N[*])C([*])=O)C(=O)OCC |$;;;;;;;;;;;;_R1;;_R2;;;;;;$|
266,Mono73,N.D,N.D,N.D,(2S)-2-amino-4-[bis(ethoxycarbonyl)amino]-4-oxobutanoic acid,N,Backbone,PEPTIDE,H,OH,-,CCOC(=O)N(C(=O)C[C@@H](C=O)NC)C(=O)OCC,{nnr:Mono73},CCOC(=O)N(C(=O)C[C@H](N[*])C([*])=O)C(=O)OCC |$;;;;;;;;;;;_R1;;_R2;;;;;;$|
267,Mono74,N.D,N.D,N.D,"(2S)-2-amino-5-[[(E)-N,N'-bis(ethoxycarbonyl)carbamimidoyl]amino]pentanoic acid",R,Backbone,PEPTIDE,H,OH,-,CCOC(=O)/N=C(/NCCC[C@@H](C=O)NC)NC(=O)OCC,{nnr:Mono74},CCOC(=O)/N=C(/NCCC[C@H](N[*])C([*])=O)NC(=O)OCC |$;;;;;;;;;;;;;_R1;;_R2;;;;;;;$|
268,Mono75,N.D,N.D,N.D,(2S)-2-(3-aminopropylamino)-3-phenylpropanoic acid,F,Backbone,PEPTIDE,H,OH,-,CNCCCN[C@H](C=O)Cc1ccccc1,{nnr:Mono75},[*]NCCCN[C@@H](Cc1ccccc1)C([*])=O |$_R1;;;;;;;;;;;;;;;_R2;$|
269,Mono76,N.D,N.D,N.D,(2S)-2-(4-aminobutylamino)-3-phenylpropanoic acid,F,Backbone,PEPTIDE,H,OH,-,CNCCCCN[C@H](C=O)Cc1ccccc1,{nnr:Mono76},[*]NCCCCN[C@@H](Cc1ccccc1)C([*])=O |$_R1;;;;;;;;;;;;;;;;_R2;$|
270,Mono77,N.D,N.D,N.D,(2S)-2-(5-aminopentylamino)-3-phenylpropanoic acid,F,Backbone,PEPTIDE,H,OH,-,CNCCCCCN[C@H](C=O)Cc1ccccc1,{nnr:Mono77},[*]NCCCCCN[C@@H](Cc1ccccc1)C([*])=O |$_R1;;;;;;;;;;;;;;;;;_R2;$|
271,Mono78,N.D,N.D,N.D,(2S)-2-(6-aminohexylamino)-3-phenylpropanoic acid,F,Backbone,PEPTIDE,H,OH,-,CNCCCCCCN[C@H](C=O)Cc1ccccc1,{nnr:Mono78},[*]NCCCCCCN[C@@H](Cc1ccccc1)C([*])=O |$_R1;;;;;;;;;;;;;;;;;;_R2;$|
272,Mono79,N.D,N.D,N.D,(2S)-2-(7-aminoheptylamino)-3-phenylpropanoic acid,F,Backbone,PEPTIDE,H,OH,-,CNCCCCCCCN[C@H](C=O)Cc1ccccc1,{nnr:Mono79},[*]NCCCCCCCN[C@@H](Cc1ccccc1)C([*])=O |$_R1;;;;;;;;;;;;;;;;;;;_R2;$|
273,Mono80,N.D,N.D,N.D,(2S)-2-(8-aminooctylamino)-3-phenylpropanoic acid,F,Backbone,PEPTIDE,H,OH,-,CNCCCCCCCCN[C@H](C=O)Cc1ccccc1,{nnr:Mono80},[*]NCCCCCCCCN[C@@H](Cc1ccccc1)C([*])=O |$_R1;;;;;;;;;;;;;;;;;;;;_R2;$|
274,Mono81,N.D,N.D,N.D,(2S)-2-(9-aminononylamino)-3-phenylpropanoic acid,F,Backbone,PEPTIDE,H,OH,-,CNCCCCCCCCCN[C@H](C=O)Cc1ccccc1,{nnr:Mono81},[*]NCCCCCCCCCN[C@@H](Cc1ccccc1)C([*])=O |$_R1;;;;;;;;;;;;;;;;;;;;;_R2;$|
275,Mono82,N.D,N.D,N.D,(2S)-2-(10-aminodecylamino)-3-phenylpropanoic acid,F,Backbone,PEPTIDE,H,OH,-,CNCCCCCCCCCCN[C@H](C=O)Cc1ccccc1,{nnr:Mono82},[*]NCCCCCCCCCCN[C@@H](Cc1ccccc1)C([*])=O |$_R1;;;;;;;;;;;;;;;;;;;;;;_R2;$|
276,Mono83,10442200,N.D,N-(6-aminohexyl)glycine,2-(6-aminohexylamino)acetic acid,G,Backbone,PEPTIDE,H,OH,-,CNCCCCCCNCC=O,{nnr:Mono83},[*]NCCCCCCNCC([*])=O |$_R1;;;;;;;;;;;_R2;$|
277,Mono84,122513635,N.D,N.D,(2S)-2-(6-aminohexylamino)propanoic acid,A,Backbone,PEPTIDE,H,OH,-,CNCCCCCCN[C@@H](C)C=O,{nnr:Mono84},C[C@H](NCCCCCCN[*])C([*])=O |$;;;;;;;;;;_R1;;_R2;$|
278,Mono85,N.D,N.D,N.D,(2R)-2-(6-aminohexylamino)propanoic acid,A,Backbone,PEPTIDE,H,OH,-,CNCCCCCCN[C@H](C)C=O,{nnr:Mono85},C[C@@H](NCCCCCCN[*])C([*])=O |$;;;;;;;;;;_R1;;_R2;$|
279,Mono86,N.D,N.D,N.D,(2S)-2-(6-aminohexylamino)-4-methylpentanoic acid,L,Backbone,PEPTIDE,H,OH,-,CNCCCCCCN[C@H](C=O)CC(C)C,{nnr:Mono86},CC(C)C[C@H](NCCCCCCN[*])C([*])=O |$;;;;;;;;;;;;;_R1;;_R2;$|
280,Mono87,N.D,N.D,N.D,(2R)-2-(6-aminohexylamino)-3-phenylpropanoic acid,F,Backbone,PEPTIDE,H,OH,-,CNCCCCCCN[C@@H](C=O)Cc1ccccc1,{nnr:Mono87},[*]NCCCCCCN[C@H](Cc1ccccc1)C([*])=O |$_R1;;;;;;;;;;;;;;;;;;_R2;$|
281,Mono88,N.D,N.D,N.D,(2S)-2-[6-aminohexyl(methyl)amino]-3-phenylpropanoic acid,F,Backbone,PEPTIDE,H,OH,-,CNCCCCCCN(C)[C@H](C=O)Cc1ccccc1,{nnr:Mono88},CN(CCCCCCN[*])[C@@H](Cc1ccccc1)C([*])=O |$;;;;;;;;;_R1;;;;;;;;;;_R2;$|
282,Mono89,N.D,N.D,N.D,2-[6-aminohexyl(benzyl)amino]acetic acid,F,Backbone,PEPTIDE,H,OH,-,CNCCCCCCN(CC=O)Cc1ccccc1,{nnr:Mono89},[*]NCCCCCCN(CC([*])=O)Cc1ccccc1 |$_R1;;;;;;;;;;;_R2;;;;;;;;$|
283,Mono90,N.D,N.D,N.D,(2S)-2-[6-(methylamino)hexylamino]-3-phenylpropanoic acid,F,Backbone,PEPTIDE,H,OH,-,CN(C)CCCCCCN[C@H](C=O)Cc1ccccc1,{nnr:Mono90},CN([*])CCCCCCN[C@@H](Cc1ccccc1)C([*])=O |$;;_R1;;;;;;;;;;;;;;;;;_R2;$|
284,Mono91,N.D,N.D,N.D,(2S)-2-[acetyl(6-aminohexyl)amino]-3-phenylpropanoic acid,F,Backbone,PEPTIDE,H,OH,-,CNCCCCCCN(C(C)=O)[C@H](C=O)Cc1ccccc1,{nnr:Mono91},CC(=O)N(CCCCCCN[*])[C@@H](Cc1ccccc1)C([*])=O |$;;;;;;;;;;;_R1;;;;;;;;;;_R2;$|
285,Mono92,97053182,N.D,N.D,(2R)-5-amino-2-methylpentanoic acid,X,Backbone,PEPTIDE,H,OH,-,CNCCC[C@@H](C)C=O,{nnr:Mono92},C[C@H](CCCN[*])C([*])=O |$;;;;;;_R1;;_R2;$|
286,Mono93,55284073,N.D,N.D,(2S)-5-amino-2-methylpentanoic acid,X,Backbone,PEPTIDE,H,OH,-,CNCCC[C@H](C)C=O,{nnr:Mono93},C[C@@H](CCCN[*])C([*])=O |$;;;;;;_R1;;_R2;$|
287,Mono94,96503353,N.D,N.D,(3R)-5-amino-3-methylpentanoic acid,X,Backbone,PEPTIDE,H,OH,-,CNCC[C@@H](C)CC=O,{nnr:Mono94},C[C@H](CCN[*])CC([*])=O |$;;;;;_R1;;;_R2;$|
288,Mono95,55290617,N.D,N.D,(3S)-5-amino-3-methylpentanoic acid,X,Backbone,PEPTIDE,H,OH,-,CNCC[C@H](C)CC=O,{nnr:Mono95},C[C@@H](CCN[*])CC([*])=O |$;;;;;_R1;;;_R2;$|
289,Mono96,88066643,N.D,N.D,(4R)-5-amino-4-methylpentanoic acid,X,Backbone,PEPTIDE,H,OH,-,CNC[C@H](C)CCC=O,{nnr:Mono96},C[C@H](CCC([*])=O)CN[*] |$;;;;;_R2;;;;_R1$|
290,Mono97,96732635,N.D,N.D,(4S)-5-amino-4-methylpentanoic acid,X,Backbone,PEPTIDE,H,OH,-,CNC[C@@H](C)CCC=O,{nnr:Mono97},C[C@@H](CCC([*])=O)CN[*] |$;;;;;_R2;;;;_R1$|
291,Mono98,55291308,N.D,N.D,(5R)-5-aminohexanoic acid,X,Backbone,PEPTIDE,H,OH,-,CN[C@H](C)CCCC=O,{nnr:Mono98},C[C@H](CCCC([*])=O)N[*] |$;;;;;;_R2;;;_R1$|
292,Mono99,92276817,N.D,N.D,(5S)-5-aminohexanoic acid,X,Backbone,PEPTIDE,H,OH,-,CN[C@@H](C)CCCC=O,{nnr:Mono99},C[C@@H](CCCC([*])=O)N[*] |$;;;;;;_R2;;;_R1$|
293,Mono100,N.D,N.D,N.D,2-[(2R)-2-amino-3-(methylamino)-3-oxopropyl]sulfanylacetic acid,C,Backbone,PEPTIDE,H,OH,-,CNC(=O)[C@H](CSCC=O)NC,{nnr:Mono100},CNC(=O)[C@H](CSCC([*])=O)N[*] |$;;;;;;;;;_R2;;;_R1$|
294,Mono101,N.D,N.D,N.D,"2-[(2R)-2,3-bis(methylamino)-3-oxopropyl]sulfanylacetic acid",C,Backbone,PEPTIDE,H,OH,-,CNC(=O)[C@H](CSCC=O)N(C)C,{nnr:Mono101},CNC(=O)[C@H](CSCC([*])=O)N(C)[*] |$;;;;;;;;;_R2;;;;_R1$|
295,Mono102,12993296,N.D,N.D,"2-[(2S)-pyrrolidin-2-yl]-1,3-thiazole-4-carboxylic acid",X,Backbone,PEPTIDE,H,OH,-,CN1CCC[C@H]1c1nc(C=O)cs1,{nnr:Mono102},[*]N1CCC[C@H]1c1nc(C([*])=O)cs1 |$_R1;;;;;;;;;;_R2;;;$|
296,Mono103,N.D,N.D,N.D,"2-[(2S)-1-[(1R)-1-[5-[(1S)-1-amino-2-phenylethylidene]-1,3,4-oxadiazol-2-yl]propyl]pyrrolidin-2-yl]-1,3-thiazole-2-carboxylic acid",X,Backbone,PEPTIDE,H,OH,-,CC[C@H](c1nnc([C@H](Cc2ccccc2)NC)o1)N1CCC[C@H]1c1nc(C=O)cs1,{nnr:Mono103},CC[C@H](c1nnc([C@H](Cc2ccccc2)N[*])o1)N1CCC[C@H]1c1nc(C([*])=O)cs1 |$;;;;;;;;;;;;;;;;_R1;;;;;;;;;;;_R2;;;$|
297,Mono104,53382347,N.D,N.D,"2-[(1S)-1-amino-3-methylbutyl]-1,3-oxazole-4-carboxylic acid",X,Backbone,PEPTIDE,H,OH,-,CN[C@@H](CC(C)C)c1nc(C=O)co1,{nnr:Mono104},CC(C)C[C@H](N[*])c1nc(C([*])=O)co1 |$;;;;;;_R1;;;;;_R2;;;$|
298,Mono105,N.D,N.D,N.D,"2-[2-[(2S)-1-[(1R)-1-[5-[(1S)-1-amino-2-(4-hydroxycyclohexa-1,3,5-trien-1-yl)ethyl]-1,3,4-oxadiazol-2-yl]propyl]pyrrolidin-2-yl]-1,3-thiazol-4-yl]acetic acid",X,Backbone,PEPTIDE,H,OH,-,CC[C@H](c1nnc([C@H](Cc2ccc(O)cc2)NC)o1)N1CCC[C@H]1c1nc(C=O)cs1,{nnr:Mono105},CC[C@H](c1nnc([C@H](Cc2ccc(O)cc2)N[*])o1)N1CCC[C@H]1c1nc(C([*])=O)cs1 |$;;;;;;;;;;;;;;;;;_R1;;;;;;;;;;;_R2;;;$|
299,Mono106,11521491,N.D,N.D,"2-[(1S)-1-amino-2-phenylethyl]-1,3-oxazole-4-carboxylic acid",X,Backbone,PEPTIDE,H,OH,-,CN[C@@H](Cc1ccccc1)c1nc(C=O)co1,{nnr:Mono106},[*]N[C@@H](Cc1ccccc1)c1nc(C([*])=O)co1 |$_R1;;;;;;;;;;;;;;_R2;;;$|
300,Mono107,N.D,N.D,N.D,"2-[(1S)-1-[[(1R)-1-[3-[(2S)-2-amino-3-phenylpropylidene]-1,3,4-oxadiazol-2-yl]propyl]amino]-2-methylpropyl]-5H-1,3-thiazole-5-carboxylic acid",X,Backbone,PEPTIDE,H,OH,-,CC[C@@H](N[C@H](c1nc(C=O)cs1)C(C)C)c1nnc([C@H](Cc2ccccc2)NC)o1,{nnr:Mono107},CC[C@@H](N[C@H](c1nc(C([*])=O)cs1)C(C)C)c1nnc([C@H](Cc2ccccc2)N[*])o1 |$;;;;;;;;;_R2;;;;;;;;;;;;;;;;;;;;_R1;$|
301,Mono108,N.D,N.D,N.D,"(4R)-2-[5-[(2S)-2,3-diamino-3-oxopropyl]-2H-thiopyran-2-yl]-4,5-dihydro-1,3-thiazole-4-carboxylic acid",X,Backbone,PEPTIDE,H,OH,-,CN[C@@H](Cc1csc(C2=N[C@H](C=O)CS2)c1)C(N)=O,{nnr:Mono108},[*]N[C@@H](Cc1csc(C2=N[C@H](C([*])=O)CS2)c1)C(N)=O |$_R1;;;;;;;;;;;;_R2;;;;;;;$|
302,Mono109,N.D,N.D,N.D,"(4R)-2-[6-[(2S)-2-amino-3-amino-3-oxopropyl]-4H-thiopyran-4-yl]-4,5-dihydro-1,3-thiazole-4-carboxylic acid",X,Backbone,PEPTIDE,H,OH,-,CN[C@@H](Cc1cc(C2=N[C@H](C=O)CS2)cs1)C(N)=O,{nnr:Mono109},[*]N[C@@H](Cc1cc(C2=N[C@H](C([*])=O)CS2)cs1)C(N)=O |$_R1;;;;;;;;;;;_R2;;;;;;;;$|
303,Mono110,N.D,N.D,N.D,"(4R)-2-[3-[(2S)-2-amino-3-amino-3-oxopropyl]cyclohepta-2,4,6-trien-1-yl]-4,5-dihydro-1,3-thiazole-4-carboxylic acid",X,Backbone,PEPTIDE,H,OH,-,CN[C@@H](Cc1cccc(C2=N[C@H](C=O)CS2)c1)C(N)=O,{nnr:Mono110},[*]N[C@@H](Cc1cccc(C2=N[C@H](C([*])=O)CS2)c1)C(N)=O |$_R1;;;;;;;;;;;;;_R2;;;;;;;$|
304,Mono111,N.D,N.D,N.D,"(4R)-2-[6-[(2S)-2-amino-3-amino-3-oxopropyl]-3H-azepin-8-yl]-4,5-dihydro-1,3-thiazole-4-carboxylic acid",X,Backbone,PEPTIDE,H,OH,-,CN[C@@H](Cc1cncc(C2=N[C@H](C=O)CS2)c1)C(N)=O,{nnr:Mono111},[*]N[C@@H](Cc1cncc(C2=N[C@H](C([*])=O)CS2)c1)C(N)=O |$_R1;;;;;;;;;;;;;_R2;;;;;;;$|
305,Mono112,N.D,N.D,N.D,"(4R)-2-[(2S)-2,3-diamino-3-oxopropyl]-4,5-dihydro-1,3-thiazole-4-carboxylic acid",X,Backbone,PEPTIDE,H,OH,-,CN[C@@H](CC1=N[C@H](C=O)CS1)C(N)=O,{nnr:Mono112},[*]N[C@@H](CC1=N[C@H](C([*])=O)CS1)C(N)=O |$_R1;;;;;;;;_R2;;;;;;$|
306,ac-,176,N.D,N-Terminal acetic acid,acetic acid,X,Terminal,PEPTIDE,-,OH,-,CC=O,{nt:Acet},CC([*])=O |$;;_R2;$|
307,deca-,2969,N.D,N-Terminal decanoic acid,decanoic acid,X,Terminal,PEPTIDE,-,OH,-,CCCCCCCCCC=O,{nt:DKA},CCCCCCCCCC([*])=O |$;;;;;;;;;;_R2;$|
308,glyco-,757,N.D,N-Terminal glycolic acid,2-hydroxyacetic acid,G,Terminal,PEPTIDE,-,OH,-,O=CCO,{nt:GOA},[*]C(=O)CO |$_R2;;;;$|
309,medl-,6951123,Me-D-Leu-OH,N-Terminal N-methyl-D-leucine,(2R)-4-methyl-2-(methylamino)pentanoic acid,L,Terminal,PEPTIDE,-,OH,-,CN[C@@H](C=O)CC(C)C,{nnr:D-Me-Leu},CN[C@H](CC(C)C)C([*])=O |$;;;;;;;;_R2;$|
310,-pip,8082,N.D,C-Terminal piperidine,piperidine,X,Terminal,PEPTIDE,H,-,-,CN1CCCCC1,{ct:PIP},[*]N1CCCCC1 |$_R1;;;;;;$|
311,Mono21-,6440125,N.D,N.D,"(2E,4E)-6-oxohexa-2,4-dienoic acid",X,Terminal,PEPTIDE,-,OH,-,O=C/C=C/C=C/C=O,{nnr:Mono21},[*]C(=O)/C=C/C=C/C=O |$_R2;;;;;;;;$|
312,Mono22-,152753653,N.D,N.D,"(4Z,6E)-2,3-dihydroxy-2,6,8-trimethyldeca-4,6-dienoic acid",X,Terminal,PEPTIDE,-,OH,-,CCC(C)/C=C(C)/C=C\C(O)C(C)(O)C=O,{nnr:Mono22},CCC(C)/C=C(C)/C=C\C(O)C(C)(O)C([*])=O |$;;;;;;;;;;;;;;;_R2;$|
313,dW,9060,H-D-Trp-OH,D-tryptophan,(2R)-2-amino-3-(1H-indol-3-yl)propanoic acid,W,Backbone,PEPTIDE,H,OH,-,CN[C@@H](C=O)Cc1c[nH]c2ccccc12,W{d},[*]N[C@H](Cc1c[nH]c2ccccc12)C([*])=O |$_R1;;;;;;;;;;;;;;_R2;$|
314,Ala(O->S),N.D,N.D,N.D,N.D,A,Backbone,PEPTIDE,H,OH,-,CN[C@@H](C)C=S,{nnr:Ala(O->S)},C[C@H](N[*])C([*])=S |$;;;_R1;;_R2;$|
315,dAla(O->S),N.D,N.D,N.D,N.D,A,Backbone,PEPTIDE,H,OH,-,CN[C@H](C)C=S,{nnr:dAla(O->S)},C[C@@H](N[*])C([*])=S |$;;;_R1;;_R2;$|
316,Phe(O->S),N.D,N.D,N.D,N.D,F,Backbone,PEPTIDE,H,OH,-,CN[C@H](C=S)Cc1ccccc1,{nnr:Phe(O->S)},[*]N[C@@H](Cc1ccccc1)C([*])=S |$_R1;;;;;;;;;;;_R2;$|
317,Ile(O->S),N.D,N.D,N.D,N.D,I,Backbone,PEPTIDE,H,OH,-,CC[C@H](C)[C@@H](C=S)NC,{nnr:Ile(O->S)},CC[C@H](C)[C@H](N[*])C([*])=S |$;;;;;;_R1;;_R2;$|
318,Lys(O->S),N.D,N.D,N.D,N.D,K,Backbone,PEPTIDE,H,OH,H,CNCCCC[C@@H](C=S)NC,{nnr:Lys(O->S)},[*]N[C@@H](CCCCN[*])C([*])=S |$_R1;;;;;;;;_R3;;_R2;$|
319,Leu(O->S),N.D,N.D,N.D,N.D,L,Backbone,PEPTIDE,H,OH,-,CN[C@H](C=S)CC(C)C,{nnr:Leu(O->S)},CC(C)C[C@H](N[*])C([*])=S |$;;;;;;_R1;;_R2;$|
320,dLeu(O->S),N.D,N.D,N.D,N.D,L,Backbone,PEPTIDE,H,OH,-,CN[C@@H](C=S)CC(C)C,{nnr:dLeu(O->S)},CC(C)C[C@@H](N[*])C([*])=S |$;;;;;;_R1;;_R2;$|
321,Pro(O->S),N.D,N.D,N.D,N.D,P,Backbone,PEPTIDE,H,OH,-,CN1CCC[C@H]1C=S,{nnr:Pro(O->S)},[*]N1CCC[C@H]1C([*])=S |$_R1;;;;;;;_R2;$|
322,dPro(O->S),N.D,N.D,N.D,N.D,P,Backbone,PEPTIDE,H,OH,-,CN1CCC[C@@H]1C=S,{nnr:dPro(O->S)},[*]N1CCC[C@@H]1C([*])=S |$_R1;;;;;;;_R2;$|
323,Thr(O->S),N.D,N.D,N.D,N.D,T,Backbone,PEPTIDE,H,OH,H,CN[C@H](C=S)[C@@H](C)OC,{nnr:Thr(O->S)},C[C@@H](O[*])[C@H](N[*])C([*])=S |$;;;_R3;;;_R1;;_R2;$|
324,dTrp(O->S),N.D,N.D,N.D,N.D,W,Backbone,PEPTIDE,H,OH,-,CN[C@@H](C=S)Cc1c[nH]c2ccccc12,{nnr:dTrp(O->S)},[*]N[C@H](Cc1c[nH]c2ccccc12)C([*])=S |$_R1;;;;;;;;;;;;;;_R2;$|
325,Tyr(O->S),N.D,N.D,N.D,N.D,Y,Backbone,PEPTIDE,H,OH,-,CN[C@H](C=S)Cc1ccc(O)cc1,{nnr:Tyr(O->S)},[*]N[C@@H](Cc1ccc(O)cc1)C([*])=S |$_R1;;;;;;;;;;;;_R2;$|
326,Ac3c,535,H-Ac3c-OH,N.D,1-aminocyclopropane-1-carboxylic acid,X,Backbone,PEPTIDE,H,OH,-,CNC1(C=O)CC1,{nnr:ACC},[*]NC1(C([*])=O)CC1 |$_R1;;;;_R2;;;$|
327,Abu(5-Tet),44362569,H-Abu(tetrazol-5-yl)-OH,N.D,(2S)-2-amino-4-(2H-tetrazol-5-yl)butanoic acid,X,Backbone,PEPTIDE,H,OH,-,CN[C@H](C=O)CCc1nn[nH]n1,{nnr:Abu(tetrazol-5-yl)},[*]N[C@@H](CCc1nn[nH]n1)C([*])=O |$_R1;;;;;;;;;;;_R2;$|
328,Gly(allyl),167529,H-Gly(allyl)-OH,L-allylglycine,(2S)-2-aminopent-4-enoic acid,G,Backbone,PEPTIDE,H,OH,-,C=CC[C@@H](C=O)NC,{nnr:Gly(Ally)},C=CC[C@H](N[*])C([*])=O |$;;;;;_R1;;_R2;$|
329,-pyrro,31268,N.D,C-Terminal pyrrolidine,pyrrolidine,X,Terminal,PEPTIDE,H,-,-,CN1CCCC1,{ct:pyrrolidin},[*]N1CCCC1 |$_R1;;;;;$|
330,Aze,16486,H-Aze-OH,L-azetidine-2-carboxylic acid,(2S)-azetidine-2-carboxylic acid,X,Backbone,PEPTIDE,H,OH,-,CN1CC[C@H]1C=O,{nnr:Aze},[*]N1CC[C@H]1C([*])=O |$_R1;;;;;;_R2;$|
331,Bal(d3-Me),5706670,H-bAla(3R-Me)-OH,D-3-aminobutyric acid,(3R)-3-aminobutanoic acid,A,Backbone,PEPTIDE,H,OH,-,CN[C@H](C)CC=O,{nnr:bAla(3R-Me)},C[C@H](CC([*])=O)N[*] |$;;;;_R2;;;_R1$|
332,Me_Bal(d3-Me),22865769,Me-bAla(3R-Me)-OH,N-methyl-D-3-aminobutyric acid,(3R)-3-(methylamino)butanoic acid,A,Backbone,PEPTIDE,H,OH,-,C[C@H](CC=O)N(C)C,{nnr:Me-bAla(3R-Me)},C[C@H](CC([*])=O)N(C)[*] |$;;;;_R2;;;;_R1$|
333,Bal(d3-EtPh),7009759,H-bAla(3R-EtPh)-OH,N.D,(3R)-3-amino-5-phenylpentanoic acid,A,Backbone,PEPTIDE,H,OH,-,CN[C@@H](CC=O)CCc1ccccc1,{nnr:bAla(3R-EtPh)},[*]N[C@H](CCc1ccccc1)CC([*])=O |$_R1;;;;;;;;;;;;;_R2;$|
334,meH,90638,Me-His-OH,N-methyl-L-histidine,(2S)-3-(1H-imidazol-5-yl)-2-(methylamino)propanoic acid,H,Backbone,PEPTIDE,H,OH,-,CN(C)[C@H](C=O)Cc1c[nH]cn1,{nnr:meH},CN([*])[C@@H](Cc1c[nH]cn1)C([*])=O |$;;_R1;;;;;;;;;_R2;$|
335,Phe(3-Cl),2761492,H-Phe(3-Cl)-OH,3-chloro-L-phenylalanine,(2S)-2-amino-3-(3-chlorophenyl)propanoic acid,F,Backbone,PEPTIDE,H,OH,-,CN[C@H](C=O)Cc1cccc(Cl)c1,{nnr:FCL},[*]N[C@@H](Cc1cccc(Cl)c1)C([*])=O |$_R1;;;;;;;;;;;;_R2;$|
336,Phe(3-F),716315,H-Phe(3-F)-OH,3-fluoro-L-phenylalanine,(2S)-2-amino-3-(3-fluorophenyl)propanoic acid,F,Backbone,PEPTIDE,H,OH,-,CN[C@H](C=O)Cc1cccc(F)c1,{nnr:FL-PHE},[*]N[C@@H](Cc1cccc(F)c1)C([*])=O |$_R1;;;;;;;;;;;;_R2;$|
337,Phe(4-Cl),736190,H-Phe(4-Cl)-OH,4-chloro-L-phenylalanine,(2S)-2-amino-3-(4-chlorophenyl)propanoic acid,F,Backbone,PEPTIDE,H,OH,-,CN[C@H](C=O)Cc1ccc(Cl)cc1,{nnr:4-Cl-Phe},[*]N[C@@H](Cc1ccc(Cl)cc1)C([*])=O |$_R1;;;;;;;;;;;;_R2;$|
338,Mono113,5459822,H-bAib(R)-OH,N.D,(2R)-3-amino-2-methylpropanoic acid,X,Backbone,PEPTIDE,H,OH,-,CNC[C@@H](C)C=O,{nnr:D-Baiba},C[C@H](CN[*])C([*])=O |$;;;;_R1;;_R2;$|
339,Ser(tBuOH),142490730,N.D,N.D,(2S)-2-amino-3-(2-hydroxy-2-methylpropoxy)propanoic acid,S,Backbone,PEPTIDE,H,OH,-,CN[C@H](C=O)COCC(C)(C)O,{nnr:Ser(tBuOH)},CC(C)(O)COC[C@H](N[*])C([*])=O |$;;;;;;;;;_R1;;_R2;$|
340,Val(3-OH),192763,H-Val(3-OH)-OH,3-hydroxy-L-valine,(2S)-2-amino-3-hydroxy-3-methylbutanoic acid,V,Backbone,PEPTIDE,H,OH,-,CN[C@H](C=O)C(C)(C)O,V{nnm:3-Hydroxy},CC(C)(O)[C@H](N[*])C([*])=O |$;;;;;;_R1;;_R2;$|
341,Mono114,13082753,N.D,N.D,4-(ethylamino)butanoic acid,X,Backbone,PEPTIDE,H,OH,-,CCN(C)CCCC=O,{nnr:Mono114},CCN([*])CCCC([*])=O |$;;;_R1;;;;;_R2;$|
342,Ac5c,2901,H-Ac5c-OH,Cycloleucine,1-aminocyclopentane-1-carboxylic acid,X,Backbone,PEPTIDE,H,OH,-,CNC1(C=O)CCCC1,{nnr:AC5},[*]NC1(C([*])=O)CCCC1 |$_R1;;;;_R2;;;;;$|
343,"Hph(4-CF3,3,5-diF)",168451630,N.D,N.D,"(2S)-2-amino-4-[3,5-difluoro-4-(trifluoromethyl)phenyl]butanoic acid",F,Backbone,PEPTIDE,H,OH,-,CN[C@H](C=O)CCc1cc(F)c(C(F)(F)F)c(F)c1,"{nnr:Hph(4-CF3,3,5-diF)}",[*]N[C@@H](CCc1cc(F)c(C(F)(F)F)c(F)c1)C([*])=O |$_R1;;;;;;;;;;;;;;;;;;_R2;$|
344,Hph(4-Me),72208743,H-hPhe(4-Me)-OH,4-methyl-L-homophe,(2S)-2-amino-4-(4-methylphenyl)butanoic acid,F,Backbone,PEPTIDE,H,OH,-,CN[C@H](C=O)CCc1ccc(C)cc1,{nnr:hPhe(4-Me)},Cc1ccc(CC[C@H](N[*])C([*])=O)cc1 |$;;;;;;;;;_R1;;_R2;;;$|
345,"Phe(3,5-diCl)",185308,N.D,"3,5-dichloro-L-phenylalanine","(2S)-2-amino-3-(3,5-dichlorophenyl)propanoic acid",F,Backbone,PEPTIDE,H,OH,-,CN[C@H](C=O)Cc1cc(Cl)cc(Cl)c1,"F{nnm:3,5-dichloro}",[*]N[C@@H](Cc1cc(Cl)cc(Cl)c1)C([*])=O |$_R1;;;;;;;;;;;;;_R2;$|
346,"Hph(4-CF3,3-Cl)",168435889,N.D,N.D,(2S)-2-amino-4-[3-chloro-4-(trifluoromethyl)phenyl]butanoic acid,F,Backbone,PEPTIDE,H,OH,-,CN[C@H](C=O)CCc1ccc(C(F)(F)F)c(Cl)c1,"{nnr:Hph(4-CF3,3-Cl)}",[*]N[C@@H](CCc1ccc(C(F)(F)F)c(Cl)c1)C([*])=O |$_R1;;;;;;;;;;;;;;;;;_R2;$|
347,Me_Phe(4-Me),66806119,Me-Phe(4-Me)-OH,N-methyl-4-methyl-L-phenylalanine,(2S)-2-(methylamino)-3-(4-methylphenyl)propanoic acid,F,Backbone,PEPTIDE,H,OH,-,Cc1ccc(C[C@@H](C=O)N(C)C)cc1,F{nnm:N-Methyl-4-Methyl},Cc1ccc(C[C@@H](C([*])=O)N(C)[*])cc1 |$;;;;;;;;_R2;;;;_R1;;$|
348,Hph(4-tBu),11287784,H-hPhe(4-tBu)-OH,4-tert-butyl-L-homophe,(2S)-2-amino-4-(4-tert-butylphenyl)butanoic acid,F,Backbone,PEPTIDE,H,OH,-,CN[C@H](C=O)CCc1ccc(C(C)(C)C)cc1,{nnr:hPhe(4-tBu)},CC(C)(C)c1ccc(CC[C@H](N[*])C([*])=O)cc1 |$;;;;;;;;;;;;_R1;;_R2;;;$|
349,"Hph(3,4-diCl)",72208939,N.D,"3,4-dichloro-L-homophe","(2S)-2-amino-4-(3,4-dichlorophenyl)butanoic acid",F,Backbone,PEPTIDE,H,OH,-,CN[C@H](C=O)CCc1ccc(Cl)c(Cl)c1,"{nnr:hPhe(3,4-diCl)}",[*]N[C@@H](CCc1ccc(Cl)c(Cl)c1)C([*])=O |$_R1;;;;;;;;;;;;;;_R2;$|
350,Hch,22839041,H-Abu(cHex)-OH,N.D,(2S)-2-amino-4-cyclohexylbutanoic acid,F,Backbone,PEPTIDE,H,OH,-,CN[C@H](C=O)CCC1CCCCC1,{nnr:Abu(cHex)},[*]N[C@@H](CCC1CCCCC1)C([*])=O |$_R1;;;;;;;;;;;;_R2;$|
351,"Phe(3-Cl,5-F)",66815479,N.D,N.D,(2S)-2-amino-3-(3-chloro-5-fluorophenyl)propanoic acid,F,Backbone,PEPTIDE,H,OH,-,CN[C@H](C=O)Cc1cc(F)cc(Cl)c1,"{nnr:Phe(3-Cl,5-F)}",[*]N[C@@H](Cc1cc(F)cc(Cl)c1)C([*])=O |$_R1;;;;;;;;;;;;;_R2;$|
352,Me_Gly(cPent),23589229,Me-Gly(cPent)-OH,N-methyl-2-cyclopentyl-L-glycine,(2S)-2-cyclopentyl-2-(methylamino)acetic acid,G,Backbone,PEPTIDE,H,OH,-,CN(C)[C@H](C=O)C1CCCC1,G{nnm:N-methyl-2-cyclopentyl},CN([*])[C@H](C([*])=O)C1CCCC1 |$;;_R1;;;_R2;;;;;;$|
353,Phe(3-CF3),2777600,H-Phe(3-CF3)-OH,3-trifluoromethyl-L-phenylalanine,(2S)-2-amino-3-[3-(trifluoromethyl)phenyl]propanoic acid,F,Backbone,PEPTIDE,H,OH,-,CN[C@H](C=O)Cc1cccc(C(F)(F)F)c1,F{nnm:3-Trifluoromethyl},[*]N[C@@H](Cc1cccc(C(F)(F)F)c1)C([*])=O |$_R1;;;;;;;;;;;;;;;_R2;$|
354,Et_Phe(4-Me),168451629,Et-Phe(4-Me)-OH,N-ethyl-4-methyl-L-phenylalanine,(2S)-2-(ethylamino)-3-(4-methylphenyl)propanoic acid,F,Backbone,PEPTIDE,H,OH,-,CCN(C)[C@H](C=O)Cc1ccc(C)cc1,F{nnm:N-Ethyl-4-Methyl},CCN([*])[C@@H](Cc1ccc(C)cc1)C([*])=O |$;;;_R1;;;;;;;;;;;_R2;$|
355,Hph(4-CF3),51893619,H-hPhe(4-CF3)-OH,4-trifluoromethyl-L-homophe,(2S)-2-amino-4-[4-(trifluoromethyl)phenyl]butanoic acid,F,Backbone,PEPTIDE,H,OH,-,CN[C@H](C=O)CCc1ccc(C(F)(F)F)cc1,{nnr:hPhe(4-CF3)},[*]N[C@@H](CCc1ccc(C(F)(F)F)cc1)C([*])=O |$_R1;;;;;;;;;;;;;;;;_R2;$|
356,-nme2,674,N.D,C-Terminal dimethylamine,N-methylmethanamine,X,Terminal,PEPTIDE,H,-,-,CN(C)C,{ct:Dimethylamine},CN(C)[*] |$;;;_R1$|
357,Mono115,N.D,N.D,N.D,2-[(2R)-3-ethoxy-2-(methylamino)-3-oxopropyl]sulfanylaceticacid,C,Backbone,PEPTIDE,H,OH,-,CCOC(=O)[C@H](CSCC=O)N(C)C,{nnr:Mono115},CCOC(=O)[C@H](CSCC([*])=O)N(C)[*] |$;;;;;;;;;;_R2;;;;_R1$|
358,Chg,736848,H-Chg-OH,L-cyclohexylglycine,(2S)-2-amino-2-cyclohexylacetic acid,G,Backbone,PEPTIDE,H,OH,-,CN[C@H](C=O)C1CCCCC1,G{nnm:Cyclohexyl},[*]N[C@H](C([*])=O)C1CCCCC1 |$_R1;;;;_R2;;;;;;;$|
359,Me_Chg,11229045,Me-Chg-OH,N-methyl-L-cyclohexylglycine,(2S)-2-cyclohexyl-2-(methylamino)acetic acid,G,Backbone,PEPTIDE,H,OH,-,CN(C)[C@H](C=O)C1CCCCC1,G{nnm:N-Methyl-2-Cyclohexyl},CN([*])[C@H](C([*])=O)C1CCCCC1 |$;;_R1;;;_R2;;;;;;;$|
360,Et_Leu,11367161,Et-Leu-OH,N-ethyl-L-leucine,(2S)-2-(ethylamino)-4-methylpentanoic acid,L,Backbone,PEPTIDE,H,OH,-,CCN(C)[C@H](C=O)CC(C)C,L{nnm:N-Ethyl},CCN([*])[C@@H](CC(C)C)C([*])=O |$;;;_R1;;;;;;;_R2;$|
361,Me_Ser(Me),53648134,Me-Ser(Me)-OH,"N,O-dimethyl-L-serine",(2S)-3-methoxy-2-(methylamino)propanoic acid,S,Backbone,PEPTIDE,H,OH,-,COC[C@@H](C=O)N(C)C,"S{nnm:N,O-dimethyl}",COC[C@@H](C([*])=O)N(C)[*] |$;;;;;_R2;;;;_R1$|
362,Me_Hse(Me),88325989,Me-Hse(Me)-OH,"N,O-dimethyl-L-homoserine",(2S)-4-methoxy-2-(methylamino)butanoic acid,S,Backbone,PEPTIDE,H,OH,-,COCC[C@@H](C=O)N(C)C,{nnr:Me-Hse(Me)},COCC[C@@H](C([*])=O)N(C)[*] |$;;;;;;_R2;;;;_R1$|
363,Gly(cPr),1501944,H-Gly(cPr)-OH,L-cyclopropylglycine,(2S)-2-amino-2-cyclopropylacetic acid,G,Backbone,PEPTIDE,H,OH,-,CN[C@H](C=O)C1CC1,G{nnm:cyclopropyl},[*]N[C@H](C([*])=O)C1CC1 |$_R1;;;;_R2;;;;$|
364,Me_Gly(cPr),89042689,Me-Gly(cPr)-OH,N-methyl-L-cyclopropylglycine,(2S)-2-cyclopropyl-2-(methylamino)acetic acid,G,Backbone,PEPTIDE,H,OH,-,CN(C)[C@H](C=O)C1CC1,G{nnm:N-Methyl-2-Cyclopropyl},CN([*])[C@H](C([*])=O)C1CC1 |$;;_R1;;;_R2;;;;$|
365,Gly(cBu),29945860,H-Gly(cBu)-OH,2-cyclobutyl-L-glycine,(2S)-2-amino-2-cyclobutylacetic acid,G,Backbone,PEPTIDE,H,OH,-,CN[C@H](C=O)C1CCC1,G{nnm:2-Cyclobutyl},[*]N[C@H](C([*])=O)C1CCC1 |$_R1;;;;_R2;;;;;$|
366,Me_Gly(cBu),96219530,Me-Gly(cBu)-OH,N-methyl-2-cyclobutyl-L-glycine,(2S)-2-cyclobutyl-2-(methylamino)acetic acid,G,Backbone,PEPTIDE,H,OH,-,CN(C)[C@H](C=O)C1CCC1,G{nnm:N-Methyl-2-Cyclobutyl},CN([*])[C@H](C([*])=O)C1CCC1 |$;;_R1;;;_R2;;;;;$|
367,Gly(cPent),10374564,H-Gly(cPent)-OH,L-cyclopentylglycine,(2S)-2-amino-2-cyclopentylacetic acid,G,Backbone,PEPTIDE,H,OH,-,CN[C@H](C=O)C1CCCC1,G{nnm:Cyclopentyl},[*]N[C@H](C([*])=O)C1CCCC1 |$_R1;;;;_R2;;;;;;$|
368,Ala(cPr),6951383,H-Ala(cPr)-OH,L-cyclopropylalanine,(2S)-2-amino-3-cyclopropylpropanoic acid,A,Backbone,PEPTIDE,H,OH,-,CN[C@H](C=O)CC1CC1,A{nnm:Cyclopentyl},[*]N[C@@H](CC1CC1)C([*])=O |$_R1;;;;;;;;_R2;$|
369,Ala(cBu),50999324,H-Ala(cBu)-OH,3-cyclobutyl-L-alanine,(2S)-2-amino-3-cyclobutylpropanoic acid,A,Backbone,PEPTIDE,H,OH,-,CN[C@H](C=O)CC1CCC1,A{nnm:3-Cyclobutyl},[*]N[C@@H](CC1CCC1)C([*])=O |$_R1;;;;;;;;;_R2;$|
370,Ala(cPent),7000137,H-Ala(cPent)-OH,3-cyclopentane-L-alanine,(2S)-2-amino-3-cyclopentylpropanoic acid,A,Backbone,PEPTIDE,H,OH,-,CN[C@H](C=O)CC1CCCC1,A{nnm:3-Cyclopentane},[*]N[C@@H](CC1CCCC1)C([*])=O |$_R1;;;;;;;;;;_R2;$|
371,Me_Nva(F2),165174483,N.D,N.D,"(2S)-5,5-difluoro-2-(methylamino)pentanoic acid",V,Backbone,PEPTIDE,H,OH,-,CN(C)[C@H](C=O)CCC(F)F,{nnr:Me_Nva(F2)},CN([*])[C@@H](CCC(F)F)C([*])=O |$;;_R1;;;;;;;;_R2;$|
372,-mor,75088,N.D,C-Terminal morpholineamide,morpholine-4-carboxamide,X,Terminal,PEPTIDE,H,-,-,CN1CCOCC1,{ct:morpholinamide},[*]N1CCOCC1 |$_R1;;;;;;$|
373,-aze,10422,N.D,C-Terminal azetidine,azetidine,X,Terminal,PEPTIDE,H,-,-,CN1CCC1,{ct:Azetidine},[*]N1CCC1 |$_R1;;;;$|
374,Mono116,81618209,N.D,N.D,2-[4-(methylaminomethyl)triazol-1-yl]acetic acid,X,Backbone,PEPTIDE,H,OH,-,CN(C)Cc1cn(CC=O)nn1,{nnr:Mono116},CN([*])Cc1cn(CC([*])=O)nn1 |$;;_R1;;;;;;;_R2;;;$|
375,Mono117,N.D,N.D,N.D,(2S)-2-[[5-(aminomethyl)-1H-pyrrol-2-yl]methylamino]-3-phenylpropanoicacid,F,Backbone,PEPTIDE,H,OH,-,CNCc1ccc(CN[C@H](C=O)Cc2ccccc2)[nH]1,{nnr:Mono117},[*]NCc1ccc(CN[C@@H](Cc2ccccc2)C([*])=O)[nH]1 |$_R1;;;;;;;;;;;;;;;;;;_R2;;$|
376,Mono118,N.D,N.D,N.D,(2S)-2-[[5-(aminomethyl)-1H-pyrrol-2-yl]methyl-methylamino]-3-phenylpropanoicacid,F,Backbone,PEPTIDE,H,OH,-,CNCc1ccc(CN(C)[C@H](C=O)Cc2ccccc2)[nH]1,{nnr:Mono118},CN(Cc1ccc(CN[*])[nH]1)[C@@H](Cc1ccccc1)C([*])=O |$;;;;;;;;;_R1;;;;;;;;;;;_R2;$|
377,Mono119,N.D,N.D,N.D,(2S)-2-[[5-(aminomethyl)-1-methylpyrrol-2-yl]methylamino]-3-phenylpropanoicacid,F,Backbone,PEPTIDE,H,OH,-,CNCc1ccc(CN[C@H](C=O)Cc2ccccc2)n1C,{nnr:Mono119},Cn1c(CN[*])ccc1CN[C@@H](Cc1ccccc1)C([*])=O |$;;;;;_R1;;;;;;;;;;;;;;;_R2;$|
378,Mono120,N.D,N.D,N.D,(2S)-2-[[4-(aminomethyl)-1H-pyrrol-2-yl]methylamino]-3-phenylpropanoicacid,F,Backbone,PEPTIDE,H,OH,-,CNCc1c[nH]c(CN[C@H](C=O)Cc2ccccc2)c1,{nnr:Mono120},[*]NCc1c[nH]c(CN[C@@H](Cc2ccccc2)C([*])=O)c1 |$_R1;;;;;;;;;;;;;;;;;;_R2;;$|
379,Mono121,N.D,N.D,N.D,(2S)-2-[[4-(aminomethyl)-1-methylpyrrol-2-yl]methylamino]-3-phenylpropanoicacid,F,Backbone,PEPTIDE,H,OH,-,CNCc1cc(CN[C@H](C=O)Cc2ccccc2)n(C)c1,{nnr:Mono121},Cn1cc(CN[*])cc1CN[C@@H](Cc1ccccc1)C([*])=O |$;;;;;;_R1;;;;;;;;;;;;;;_R2;$|
380,Mono122,N.D,N.D,N.D,(2S)-2-[[5-(aminomethyl)furan-2-yl]methylamino]-3-phenylpropanoicacid,F,Backbone,PEPTIDE,H,OH,-,CNCc1ccc(CN[C@H](C=O)Cc2ccccc2)o1,{nnr:Mono122},[*]NCc1ccc(CN[C@@H](Cc2ccccc2)C([*])=O)o1 |$_R1;;;;;;;;;;;;;;;;;;_R2;;$|
381,Mono123,N.D,N.D,N.D,(2S)-2-[[5-(aminomethyl)furan-2-yl]methyl-methylamino]-3-phenylpropanoicacid,F,Backbone,PEPTIDE,H,OH,-,CNCc1ccc(CN(C)[C@H](C=O)Cc2ccccc2)o1,{nnr:Mono123},CN(Cc1ccc(CN[*])o1)[C@@H](Cc1ccccc1)C([*])=O |$;;;;;;;;;_R1;;;;;;;;;;;_R2;$|
382,Mono124,N.D,N.D,N.D,(2S)-2-[[5-(methylaminomethyl)furan-2-yl]methylamino]-3-phenylpropanoicacid,F,Backbone,PEPTIDE,H,OH,-,CN(C)Cc1ccc(CN[C@H](C=O)Cc2ccccc2)o1,{nnr:Mono124},CN([*])Cc1ccc(CN[C@@H](Cc2ccccc2)C([*])=O)o1 |$;;_R1;;;;;;;;;;;;;;;;;_R2;;$|
383,Mono125,N.D,N.D,N.D,(2S)-2-[methyl-[[5-(methylaminomethyl)furan-2-yl]methyl]amino]-3-phenylpropanoicacid,F,Backbone,PEPTIDE,H,OH,-,CN(C)Cc1ccc(CN(C)[C@H](C=O)Cc2ccccc2)o1,{nnr:Mono125},CN([*])Cc1ccc(CN(C)[C@@H](Cc2ccccc2)C([*])=O)o1 |$;;_R1;;;;;;;;;;;;;;;;;;_R2;;$|
384,Mono126,N.D,N.D,N.D,3-[[3-(aminomethyl)phenyl]-[(2-nitrophenyl)methyl]carbamoyl]benzoicacid,X,Backbone,PEPTIDE,H,OH,-,CNCc1cccc(N(Cc2ccccc2[N+](=O)[O-])C(=O)c2cccc(C=O)c2)c1,{nnr:Mono126},[*]NCc1cccc(N(Cc2ccccc2[N+](=O)[O-])C(=O)c2cccc(C([*])=O)c2)c1 |$_R1;;;;;;;;;;;;;;;;;;;;;;;;;;;_R2;;;$|
385,Mono127,N.D,N.D,N.D,3-[[3-(aminomethyl)phenyl]carbamoyl]benzoicacid,X,Backbone,PEPTIDE,H,OH,-,CNCc1cccc(NC(=O)c2cccc(C=O)c2)c1,{nnr:Mono127},[*]NCc1cccc(NC(=O)c2cccc(C([*])=O)c2)c1 |$_R1;;;;;;;;;;;;;;;;;_R2;;;$|
